timestamp,title,summary,link,source
2025-05-22T11:29:05.503214,LIVETwo Israeli embassy staff killed and suspect in custody after Washington DC shootingCouple Sarah Lynn Milgrim and Yaron Lischinsky “were in the prime of their lives” before they were shot dead near a Jewish museum.,,https://www.bbc.comhttps://www.bbc.com/news/live/cy9vr10n732t,bbc
2025-05-22T11:29:05.503214,"US Jewish museum shooting suspect was mistaken for witnessThe alleged attacker looked ""very distraught"" and was being helped by bystanders before he revealed himself as the suspect.2 hrs agoWorld",,https://www.bbc.com/news/articles/cz63g3441wgo,bbc
2025-05-22T11:29:05.503214,"LIVE'Multiple fatalities' on private plane that crashed into homes in San Diego, authorities sayCalifornia officials say no-one was seriously injured in the residential area but there is ""more than one fatality"" among the plane passengers.",,https://www.bbc.comhttps://www.bbc.com/news/live/cj42ew5zy7et,bbc
2025-05-22T11:29:05.503214,"LIVEUS House passes Trump tax and spending mega-billThe legislation, which passed with a vote of 215-214, will still need Senate approval.",,https://www.bbc.comhttps://www.bbc.com/news/live/cx25wvndz5kt,bbc
2025-05-22T11:29:05.503214,"Watch: Deep inside a Norwegian mountain, Nato allies train for Arctic warEurope editor Katya Adler gains access to a secret HQ and Norwegian warships leading military exercises.10 hrs agoEurope",,https://www.bbc.com/news/videos/cy0jjxnd8weo,bbc
2025-05-22T11:29:05.503214,Moment Jewish Museum shooting suspect is detainedVideo appears to show suspect Elias Rodriguez being taken away by police and shouting 'free Palestine'.8 hrs agoWorld,,https://www.bbc.com/news/videos/cqxe20l1lyro,bbc
2025-05-22T11:29:05.503214,LIVERapper Kid Cudi testifies in Diddy sex-trafficking trialHip-hop mogul Sean 'Diddy' Combs could face life in prison if found guilty in his sex-trafficking trial.,,https://www.bbc.comhttps://www.bbc.com/news/live/c1w33854p95t,bbc
2025-05-22T11:29:05.503214,"Fact-checking Trump's Oval Office confrontation with RamaphosaPresident Trump made a series of claims about the killing of white farmers in South Africa, some of which are demonstrably false.2 hrs agoAfrica",,https://www.bbc.com/news/articles/ce9vxve994ro,bbc
2025-05-22T11:29:05.503214,UN says 90 lorry loads of aid now in Gaza after three-day delay at crossing2 hrs agoMiddle East,,https://www.bbc.com/news/articles/czdyv3jp5elo,bbc
2025-05-22T11:29:05.503214,North Korea's Kim slams 'serious accident' at warship launch12 hrs agoAsia,,https://www.bbc.com/news/articles/c39xzn970pyo,bbc
2025-05-22T11:29:05.503214,Nike to raise US prices as firms face tariffs uncertainty1 hr agoBusiness,,https://www.bbc.com/news/articles/c3315er3gygo,bbc
2025-05-22T11:29:05.503214,Trump to host investors in his cryptocurrency despite ethical concerns4 hrs agoTechnology,,https://www.bbc.com/news/articles/c74nn4ppdvdo,bbc
2025-05-22T11:29:05.503214,How a joke about rice cost a Japan cabinet minister his job18 hrs agoAsia,,https://www.bbc.com/news/articles/cj42vjrdz1no,bbc
2025-05-22T11:29:05.503214,"Israeli museum victim 'was planning to propose'Yaron Lischinsky bought engagement ring days before he and girlfriend Sarah Milgrim were killed in Washington, ambassador says.4 hrs agoWorld",,https://www.bbc.com/news/articles/ckgn6nd3wlvo,bbc
2025-05-22T11:29:05.503214,"What we know about Israeli embassy staff shootingPolice say the victims, a young couple, were shot by a man who shouted ""free, free Palestine"".1 hr agoWorld",,https://www.bbc.com/news/articles/c8xgv4p114wo,bbc
2025-05-22T11:29:05.503214,BBC at the scene of shooting outside Jewish museumThe BBC's North America correspondent Nomia Iqbal takes us through what we know about the shooting so far.7 hrs agoWorld,,https://www.bbc.com/news/videos/cx2ev75wyp8o,bbc
2025-05-22T11:29:05.503214,"'I did it, I did it for Gaza' suspect tells eyewitnessEyewitness, Katie Kalisher tells the BBC what happened after coming face to face with the suspect of a shooting that left two dead in Washington.2 hrs agoWorld",,https://www.bbc.com/news/videos/cp3nke2dpz5o,bbc
2025-05-22T11:29:05.503214,Ramaphosa keeps cool during Trump's choreographed onslaughtThe BBC's Gary O'Donoghue analyses how the South African president reacted in an extraordinary Oval Office meeting.14 hrs agoWorld,,https://www.bbc.com/news/articles/c753rlw4430o,bbc
2025-05-22T11:29:05.503214,"How Trump-Ramaphosa confrontation went down in South AfricaRight-wing Afrikaners groups celebrated the ambush but others in the Rainbow Nation found it ""uncomfortable"" to watch.14 hrs agoWorld",,https://www.bbc.com/news/articles/cz9yyd2epk2o,bbc
2025-05-22T11:29:05.503214,The Victorian scam artist who duped a Scottish islandPeterhead-born Annie Gordon Baillie saw an opportunity to make a fortune from Skye's violent Crofters' War.10 hrs agoScotland,,https://www.bbc.com/news/articles/cjdznl0pppvo,bbc
2025-05-22T11:29:05.503214,"'We wanted to write a song that would be fantastic forever'Thirty years after its release, what made Pulp's Common People one of Britpop's defining anthems.10 hrs agoSouth Yorkshire",,https://www.bbc.com/news/articles/cly34el5py7o,bbc
2025-05-22T11:29:05.503214,"Gazans fear shutdown of water plants as Israel widens offensiveParents say children are having to drink unsafe and salty water, as fuel shortages threaten desalination and hygiene facilities.11 hrs agoMiddle East",,https://www.bbc.com/news/articles/ced227p84n4o,bbc
2025-05-22T11:29:05.503214,"Joy as Colombian boy, 11, freed after 18 days in rebel captivityHe was seized by masked armed men at his home in what is believed to have been a kidnapping for ransom.4 hrs agoLatin America",,https://www.bbc.com/news/articles/clynlnlxw03o,bbc
2025-05-22T11:29:05.503214,"Three dead, one missing in record Australia floodingA natural disaster has been declared after four months of rain fell in two days.8 hrs agoAustralia",,https://www.bbc.com/news/articles/c861gqdd8x0o,bbc
2025-05-22T11:29:05.503214,What has changed 10 years after Ireland's marriage referendum?BBC News NI speaks to three couples to find out how they feel the last decade has been.16 hrs agoEurope,,https://www.bbc.com/news/articles/czx0dq75zgno,bbc
2025-05-22T11:29:05.503214,"Hardest Geezer finishes running length of New ZealandRuss Cook, nicknamed Hardest Geezer, has run more than 2,500km in 73 days across New Zealand.58 mins agoSussex",,https://www.bbc.com/news/articles/c0k37zrpx53o,bbc
2025-05-22T11:29:05.503214,Heavy rain disrupts life in several Indian citiesIndia’s weather department has warned of thunderstorms across several parts of the country in the coming days.8 hrs agoAsia,,https://www.bbc.com/news/articles/czx0ed2wqlvo,bbc
2025-05-22T11:29:05.503214,"Missing Viking treasure coin unearthed in LondonThe coin, believed to belong to the Herefordshire Hoard, has been found for sale in Croydon, London.10 hrs agoHereford & Worcester",,https://www.bbc.com/news/articles/c20qq4g17vzo,bbc
2025-05-22T11:29:05.503214,1Moment Jewish Museum shooting suspect is detained,,https://www.bbc.com/news/videos/cqxe20l1lyro,bbc
2025-05-22T11:29:05.503214,"2'I did it, I did it for Gaza' suspect tells eyewitness",,https://www.bbc.com/news/videos/cp3nke2dpz5o,bbc
2025-05-22T11:29:05.503214,"3Watch: Deep inside a Norwegian mountain, Nato allies train for Arctic war",,https://www.bbc.com/news/videos/cy0jjxnd8weo,bbc
2025-05-22T11:29:05.503214,4BBC at the scene of shooting outside Jewish museum,,https://www.bbc.com/news/videos/cx2ev75wyp8o,bbc
2025-05-22T11:29:05.503214,5Cattle washed on to beaches in widespread Australia floods,,https://www.bbc.com/news/videos/cgj8g6675xxo,bbc
2025-05-22T11:29:05.503214,1Fact-checking Trump's Oval Office confrontation with Ramaphosa,,https://www.bbc.com/news/articles/ce9vxve994ro,bbc
2025-05-22T11:29:05.503214,2US Jewish museum shooting suspect was mistaken for witness,,https://www.bbc.com/news/articles/cz63g3441wgo,bbc
2025-05-22T11:29:05.503214,3North Korea's Kim slams 'serious accident' at warship launch,,https://www.bbc.com/news/articles/c39xzn970pyo,bbc
2025-05-22T11:29:05.503214,4Israeli museum victim 'was planning to propose',,https://www.bbc.com/news/articles/ckgn6nd3wlvo,bbc
2025-05-22T11:29:05.503214,"5White crosses shown by Trump not graves, says man who erected them",,https://www.bbc.com/news/articles/ce81334je72o,bbc
2025-05-22T11:29:05.503214,6Ramaphosa keeps cool during Trump's choreographed onslaught,,https://www.bbc.com/news/articles/c753rlw4430o,bbc
2025-05-22T11:29:05.503214,"7Three dead, one missing in record Australia flooding",,https://www.bbc.com/news/articles/c861gqdd8x0o,bbc
2025-05-22T11:29:05.503214,"8US House passes Trump's 'big, beautiful' tax and spending bill",,https://www.bbc.com/news/articles/c5yg0kgg2njo,bbc
2025-05-22T11:29:05.503214,9How a joke about rice cost a Japan cabinet minister his job,,https://www.bbc.com/news/articles/cj42vjrdz1no,bbc
2025-05-22T11:29:05.503214,10Two Israeli embassy staff shot dead outside Jewish museum in Washington DC,,https://www.bbc.com/news/articles/c9vgrkdje1ro,bbc
2025-05-23T12:56:37.634579,Judge temporarily blocks Trump plan to stop Harvard enrolling foreign studentsIt comes a day after the administration said it had revoked Harvard's access to student visa programmes.42 mins agoUS & Canada,Judge temporarily blocks Trump plan to stop Harvard enrolling foreign studentsIt comes a day after the administration said it had revoked Harvard's ac...,https://www.bbc.com/news/articles/cje7ledqvyqo,bbc
2025-05-23T12:56:37.634579,"'We did not sign up for this': Harvard's foreign students are stuck and scaredHarvard has around 6,800 foreign students currently - a third are from China, and more than 700 are Indian.1 hr agoUS & Canada","'We did not sign up for this': Harvard's foreign students are stuck and scaredHarvard has around 6,800 foreign students currently - a third are from C...",https://www.bbc.com/news/articles/cm2k0pl3ex7o,bbc
2025-05-23T12:56:37.634579,"Man in Norway wakes to find huge container ship in gardenJohan Helberg says he was ""quite astonished"" to look out of his window and see the vessel.11 hrs agoEurope","Man in Norway wakes to find huge container ship in gardenJohan Helberg says he was ""quite astonished"" to look out of his window and see the vessel.11 ...",https://www.bbc.com/news/articles/cy8nk279ydyo,bbc
2025-05-23T12:56:37.634579,"South Africa crime statistics debunk 'white genocide' claims - ministerOf the six most recent victims of farm killings, five were black and one white, the latest figures show.2 hrs agoAfrica","South Africa crime statistics debunk 'white genocide' claims - ministerOf the six most recent victims of farm killings, five were black and one white,...",https://www.bbc.com/news/articles/cgr5xe7z0y0o,bbc
2025-05-23T12:56:37.634579,Ukraine and Russia take part in biggest prisoner swap since 2022 invasionThey each handed over 270 servicemen and 120 civilians on the Ukrainian border with Belarus.1 hr agoEurope,Ukraine and Russia take part in biggest prisoner swap since 2022 invasionThey each handed over 270 servicemen and 120 civilians on the Ukrainian borde...,https://www.bbc.com/news/articles/cy4eyjxz7eno,bbc
2025-05-23T12:56:37.634579,"Trump threatens 50% tariffs on EU and 25% on iPhonesShares in the US and Europe fall after the US president says trade talks with the EU are ""going nowhere"".23 mins agoBusiness","Trump threatens 50% tariffs on EU and 25% on iPhonesShares in the US and Europe fall after the US president says trade talks with the EU are ""going no...",https://www.bbc.com/news/articles/cgr5xrygzk5o,bbc
2025-05-23T12:56:37.634579,"Netanyahu accuses Starmer of being on 'wrong side of humanity' and siding with HamasThe UK, France and Canada condemned the expanded Israeli military operation in Gaza this week.4 hrs agoWorld","Netanyahu accuses Starmer of being on 'wrong side of humanity' and siding with HamasThe UK, France and Canada condemned the expanded Israeli military ...",https://www.bbc.com/news/articles/c7804k13x52o,bbc
2025-05-23T12:56:37.634579,"LIVEUN says Gaza in 'cruellest phase' of war as 9,000 trucks' worth of aid ready at borderAfter Israel eased its 11-week aid block this week, UN Secretary-General Antonio Guterres says Gaza's entire population is at risk of famine.","LIVEUN says Gaza in 'cruellest phase' of war as 9,000 trucks' worth of aid ready at borderAfter Israel eased its 11-week aid block this week, UN Secre...",https://www.bbc.comhttps://www.bbc.com/news/live/c8repn0dv4xt,bbc
2025-05-23T12:56:37.634579,Taylor Swift won't face summons in Baldoni-Lively case4 hrs agoCulture,Taylor Swift won't face summons in Baldoni-Lively case4 hrs agoCulture...,https://www.bbc.com/news/articles/cm2k0dmvvkgo,bbc
2025-05-23T12:56:37.634579,New satellite photos show damaged North Korean warship2 hrs agoAsia,New satellite photos show damaged North Korean warship2 hrs agoAsia...,https://www.bbc.com/news/articles/cx2qgdnxxe2o,bbc
2025-05-23T12:56:37.634579,Ship footage captures sound of Titan sub imploding19 hrs agoScience & Environment,Ship footage captures sound of Titan sub imploding19 hrs agoScience & Environment...,https://www.bbc.com/news/articles/c5yg5qggvwjo,bbc
2025-05-23T12:56:37.634579,Denmark to raise retirement age to highest in Europe23 hrs agoEurope,Denmark to raise retirement age to highest in Europe23 hrs agoEurope...,https://www.bbc.com/news/articles/cvg71v533q6o,bbc
2025-05-23T12:56:37.634579,Amazon tribe sues New York Times over story it says led to porn addict claims6 hrs agoLatin America,Amazon tribe sues New York Times over story it says led to porn addict claims6 hrs agoLatin America...,https://www.bbc.com/news/articles/cx2ekvnrkpno,bbc
2025-05-23T12:56:37.634579,The Bitcoin hum that is unsettling Trump's MAGA heartlandsTrump has said he wants to turn the US into the crypto-mining capital of the world - but that has real-world implications for many of his core voters18 hrs agoBBC InDepth,The Bitcoin hum that is unsettling Trump's MAGA heartlandsTrump has said he wants to turn the US into the crypto-mining capital of the world - but tha...,https://www.bbc.com/news/articles/cx2qg6e03l2o,bbc
2025-05-23T12:56:37.634579,"Faisal Islam: Trump's tariff plans could spark global economic shockThe move threatens significant volatility in the coming weeks, ahead of a crucial G7 summit in Canada next month.10 mins agoEurope","Faisal Islam: Trump's tariff plans could spark global economic shockThe move threatens significant volatility in the coming weeks, ahead of a crucial ...",https://www.bbc.com/news/articles/czr86m8mvrmo,bbc
2025-05-23T12:56:37.634579,Moment Australian politician signs off career with a 'shoey'The MP ended his time in parliament by drinking beer out of his shoe during his farewell speech.14 hrs agoAustralia,Moment Australian politician signs off career with a 'shoey'The MP ended his time in parliament by drinking beer out of his shoe during his farewell s...,https://www.bbc.com/news/videos/c4grdy4znr0o,bbc
2025-05-23T12:56:37.634579,"Homebound: The Indian film that got a nine-minute ovation at CannesThe film, shot in India's rural North, follows two men from the Muslim and Dalit communities who form a bond.18 hrs agoCulture","Homebound: The Indian film that got a nine-minute ovation at CannesThe film, shot in India's rural North, follows two men from the Muslim and Dalit co...",https://www.bbc.com/news/articles/czelypr8jdlo,bbc
2025-05-23T12:56:37.634579,"‘The sound of the future is ours to make’: U2 return to the studio after eight yearsIn an exclusive interview, the band talk about their first album since 2017's Songs of Innocence.15 hrs agoCulture","‘The sound of the future is ours to make’: U2 return to the studio after eight yearsIn an exclusive interview, the band talk about their first album s...",https://www.bbc.com/news/articles/cm2yl1n6kr5o,bbc
2025-05-23T12:56:37.634579,Weekly quiz: What song won Eurovision?How much attention did you pay to what has been going on in the world over the past seven days?23 hrs agoEurope,Weekly quiz: What song won Eurovision?How much attention did you pay to what has been going on in the world over the past seven days?23 hrs agoEurope...,https://www.bbc.com/news/articles/cn846xgyw7eo,bbc
2025-05-23T12:56:37.634579,On the South African road incorrectly identified as a 'burial site' by TrumpThe US president said video of crosses on the road was evidence of the scale of attacks on white farmers.22 hrs agoWorld,On the South African road incorrectly identified as a 'burial site' by TrumpThe US president said video of crosses on the road was evidence of the sca...,https://www.bbc.com/news/articles/ce81334je72o,bbc
2025-05-23T12:56:37.634579,Verdict expected in Kim Kardashian heist trial in ParisProsecutors are seeking the toughest jail terms of 10 years for the four men accused of carrying out the robbery.4 hrs agoEurope,Verdict expected in Kim Kardashian heist trial in ParisProsecutors are seeking the toughest jail terms of 10 years for the four men accused of carryin...,https://www.bbc.com/news/articles/cglezrx06rko,bbc
2025-05-23T12:56:37.634579,Will Elden Ring film be 'awesome' or 'meh'? Fans have thoughtsOpinions are split after the news that the hit dark fantasy game will be adapted for the big screen.3 hrs ago,Will Elden Ring film be 'awesome' or 'meh'? Fans have thoughtsOpinions are split after the news that the hit dark fantasy game will be adapted for the...,https://www.bbc.com/news/articles/c5y5g16q062o,bbc
2025-05-23T12:56:37.634579,Mob kills Royal Bengal tiger in India's Assam stateAngry villagers reportedly took the step because the tiger had killed livestock and posed a threat to their lives.10 hrs agoAsia,Mob kills Royal Bengal tiger in India's Assam stateAngry villagers reportedly took the step because the tiger had killed livestock and posed a threat ...,https://www.bbc.com/news/articles/cx2j43e2j5ro,bbc
2025-05-23T12:56:37.634579,"Actor Jussie Smollett to pay $50,000 to Chicago charityThe donation brings a legal battle with the city of Chicago to an end, after Smollett allegedly staged a hate crime in 2019.5 hrs agoCulture","Actor Jussie Smollett to pay $50,000 to Chicago charityThe donation brings a legal battle with the city of Chicago to an end, after Smollett allegedly...",https://www.bbc.com/news/articles/c2lke8l980no,bbc
2025-05-23T12:56:37.634579,"Special Forces officer blocked 1,585 Afghans from UKDocuments shown to court by MoD show the officer rejected every application referred to him in the summer of 2023.5 hrs agoUK","Special Forces officer blocked 1,585 Afghans from UKDocuments shown to court by MoD show the officer rejected every application referred to him in the...",https://www.bbc.com/news/articles/cev40r9yve4o,bbc
2025-05-23T12:56:37.634579,"'Tortured' Ugandan activist found at Tanzanian borderOne of Agather Atuhaire's colleagues says she shows ""indications of torture"" after being detained in Tanzania.4 hrs agoAfrica","'Tortured' Ugandan activist found at Tanzanian borderOne of Agather Atuhaire's colleagues says she shows ""indications of torture"" after being detained...",https://www.bbc.com/news/articles/cn4qlqxx9qlo,bbc
2025-05-23T12:56:37.634579,"British woman held in Sri Lanka on drug offencesCharlotte May Lee, 21, from south London, denies knowing drugs were in her suitcase.1 hr agoAsia","British woman held in Sri Lanka on drug offencesCharlotte May Lee, 21, from south London, denies knowing drugs were in her suitcase.1 hr agoAsia...",https://www.bbc.com/news/articles/cwy6gq0l5dgo,bbc
2025-05-23T12:56:37.634579,1Moment Australian politician signs off career with a 'shoey',1Moment Australian politician signs off career with a 'shoey'...,https://www.bbc.com/news/videos/c4grdy4znr0o,bbc
2025-05-23T12:56:37.634579,2'Leap together' - watch Kermit's advice to graduating students,2'Leap together' - watch Kermit's advice to graduating students...,https://www.bbc.com/news/videos/c14ke5gg3v6o,bbc
2025-05-23T12:56:37.634579,3Watch: 'I didn't hear anything' - man who woke to find cargo ship in garden,3Watch: 'I didn't hear anything' - man who woke to find cargo ship in garden...,https://www.bbc.com/news/videos/ckgrjqvp0g4o,bbc
2025-05-23T12:56:37.634579,"4Watch: Deep inside a Norwegian mountain, Nato allies train for Arctic war","4Watch: Deep inside a Norwegian mountain, Nato allies train for Arctic war...",https://www.bbc.com/news/videos/cy0jjxnd8weo,bbc
2025-05-23T12:56:37.634579,5Elderly woman rescued from flood ravaged Australian home,5Elderly woman rescued from flood ravaged Australian home...,https://www.bbc.com/news/videos/c2d50wxz7k0o,bbc
2025-05-23T12:56:37.634579,1Judge temporarily blocks Trump plan to stop Harvard enrolling foreign students,1Judge temporarily blocks Trump plan to stop Harvard enrolling foreign students...,https://www.bbc.com/news/articles/cje7ledqvyqo,bbc
2025-05-23T12:56:37.634579,2Man in Norway wakes to find huge container ship in garden,2Man in Norway wakes to find huge container ship in garden...,https://www.bbc.com/news/articles/cy8nk279ydyo,bbc
2025-05-23T12:56:37.634579,3New satellite photos show damaged North Korean warship,3New satellite photos show damaged North Korean warship...,https://www.bbc.com/news/articles/cx2qgdnxxe2o,bbc
2025-05-23T12:56:37.634579,4Trump threatens 50% tariffs on EU and 25% on iPhones,4Trump threatens 50% tariffs on EU and 25% on iPhones...,https://www.bbc.com/news/articles/cgr5xrygzk5o,bbc
2025-05-23T12:56:37.636186,5Ship footage captures sound of Titan sub imploding,5Ship footage captures sound of Titan sub imploding...,https://www.bbc.com/news/articles/c5yg5qggvwjo,bbc
2025-05-23T12:56:37.636186,6'We did not sign up for this': Harvard's foreign students are stuck and scared,6'We did not sign up for this': Harvard's foreign students are stuck and scared...,https://www.bbc.com/news/articles/cm2k0pl3ex7o,bbc
2025-05-23T12:56:37.636186,"7Watch officer of ship that crashed into garden fell asleep, police say","7Watch officer of ship that crashed into garden fell asleep, police say...",https://www.bbc.com/news/articles/c1e6jp6z6lgo,bbc
2025-05-23T12:56:37.636186,8Denmark to raise retirement age to highest in Europe,8Denmark to raise retirement age to highest in Europe...,https://www.bbc.com/news/articles/cvg71v533q6o,bbc
2025-05-23T12:56:37.636186,9Netanyahu accuses Starmer of being on 'wrong side of humanity' and siding with Hamas,9Netanyahu accuses Starmer of being on 'wrong side of humanity' and siding with Hamas...,https://www.bbc.com/news/articles/c7804k13x52o,bbc
2025-05-23T12:56:37.636186,10Taylor Swift won't face summons in Baldoni-Lively case,10Taylor Swift won't face summons in Baldoni-Lively case...,https://www.bbc.com/news/articles/cm2k0dmvvkgo,bbc
2025-05-23T12:56:37.636186,LIVESpurs victory parade under way as excited fans line streets to see players on open-top busThe north London team are celebrating winning their first trophy since 2008.,LIVESpurs victory parade under way as excited fans line streets to see players on open-top busThe north London team are celebrating winning their firs...,https://www.bbc.comhttps://www.bbc.com/news/live/c3087gp889vt,bbc
2025-05-25T22:34:16.383228,"Trump calls Putin 'crazy' after largest Russian attack on UkraineIn a rare rebuke, the US president says he is ""not happy"" with his Russian counterpart over the latest attacks.16 mins agoWorld","Trump calls Putin 'crazy' after largest Russian attack on UkraineIn a rare rebuke, the US president says he is ""not happy"" with his Russian counterpar...",https://www.bbc.com/news/articles/c4g2wz74jdzo,bbc
2025-05-25T22:34:16.405563,"Thousands remember George Floyd on fifth anniversary of deathAs the cities where Floyd grew up and died hold commemorations,  the US ""reckoning"" with racism seems to be fading.1 hr agoUS & Canada","Thousands remember George Floyd on fifth anniversary of deathAs the cities where Floyd grew up and died hold commemorations,  the US ""reckoning"" with ...",https://www.bbc.com/news/articles/cgmjzyp0kwzo,bbc
2025-05-25T22:34:16.405563,Young US men are joining Russian churches promising 'absurd levels of manliness'A religion with traditions dating back centuries is attracting young American men.1 day agoUS & Canada,Young US men are joining Russian churches promising 'absurd levels of manliness'A religion with traditions dating back centuries is attracting young A...,https://www.bbc.com/news/articles/c30q5l8d4lro,bbc
2025-05-25T22:34:16.406288,'It's not fair': Other refugees in limbo as US welcomes white South AfricansRefugees from other nations ask why the White House has made an exception for white South Africans.1 day agoWorld,'It's not fair': Other refugees in limbo as US welcomes white South AfricansRefugees from other nations ask why the White House has made an exception ...,https://www.bbc.com/news/articles/czellw10ejdo,bbc
2025-05-25T22:34:16.406288,King travels to support Canada as it fends off TrumpThe King and Queen will be arriving in Canada on Monday for a visit seen as a symbol of support.2 hrs agoUS & Canada,King travels to support Canada as it fends off TrumpThe King and Queen will be arriving in Canada on Monday for a visit seen as a symbol of support.2 ...,https://www.bbc.com/news/articles/cgkdnmm8k2no,bbc
2025-05-25T22:34:16.406288,"'Situation is dire' - BBC returns to Gaza baby left hungry by Israeli blockadeMalnourished five-month-old baby Siwar is now out of hospital in Gaza - but as we found, she and her family are struggling.5 hrs agoMiddle East",'Situation is dire' - BBC returns to Gaza baby left hungry by Israeli blockadeMalnourished five-month-old baby Siwar is now out of hospital in Gaza - ...,https://www.bbc.com/news/articles/c5y2kd1nkleo,bbc
2025-05-25T22:34:16.406288,"Trump agrees to extend EU trade talks after 50% tariff threatTrump said he granted the request to extend the 1 June deadline after a ""very nice call"" with EU chief Ursula von der Leyen.3 hrs agoWorld","Trump agrees to extend EU trade talks after 50% tariff threatTrump said he granted the request to extend the 1 June deadline after a ""very nice call"" ...",https://www.bbc.com/news/articles/cdd2mz719yvo,bbc
2025-05-25T22:34:16.406288,"'We didn't see it as treason': The Russian couple who became informants for UkraineA Russian couple living in Ukraine were so appalled by the invasion, they shared information about Russian forces in their town with Kyiv.3 hrs agoEurope",'We didn't see it as treason': The Russian couple who became informants for UkraineA Russian couple living in Ukraine were so appalled by the invasion...,https://www.bbc.com/news/articles/clyqq18evyko,bbc
2025-05-25T22:34:16.406288,North Korea arrests senior official over warship launch failure24 mins agoAsia,North Korea arrests senior official over warship launch failure24 mins agoAsia...,https://www.bbc.com/news/articles/cwy3rr307qyo,bbc
2025-05-25T22:34:16.406288,Rate 'rigging' traders say they were scapegoated - now the Supreme Court will decide3 hrs agoBusiness,Rate 'rigging' traders say they were scapegoated - now the Supreme Court will decide3 hrs agoBusiness...,https://www.bbc.com/news/articles/c3rp94jr79po,bbc
2025-05-25T22:34:16.406288,Bodies of five skiers found near Swiss resort11 hrs agoEurope,Bodies of five skiers found near Swiss resort11 hrs agoEurope...,https://www.bbc.com/news/articles/ckg7y9ln5ylo,bbc
2025-05-25T22:34:16.406288,Father of nine children killed by Israeli strike still in critical condition7 hrs agoMiddle East,Father of nine children killed by Israeli strike still in critical condition7 hrs agoMiddle East...,https://www.bbc.com/news/articles/cp8djlg3zq5o,bbc
2025-05-25T22:34:16.406288,Second suspected sabotage in France as power cut hits Nice13 hrs agoEurope,Second suspected sabotage in France as power cut hits Nice13 hrs agoEurope...,https://www.bbc.com/news/articles/c20xvnge3qno,bbc
2025-05-25T22:34:16.406288,Winemakers finding Trump's tariffs hard to swallowWine producers in both France and the US are unhappy at the US president's trade actions.3 hrs agoBusiness,Winemakers finding Trump's tariffs hard to swallowWine producers in both France and the US are unhappy at the US president's trade actions.3 hrs agoBu...,https://www.bbc.com/news/articles/ckgr5kgxr8eo,bbc
2025-05-25T22:34:16.406288,'Nowhere is safe' - Cameroonians trapped between separatists and soldiersThousands have died in a conflict that has been largely ignored by the rest of the world.3 hrs agoAfrica,'Nowhere is safe' - Cameroonians trapped between separatists and soldiersThousands have died in a conflict that has been largely ignored by the rest o...,https://www.bbc.com/news/articles/c6296pp1p6wo,bbc
2025-05-25T22:34:16.406288,Lineker says emotional farewell on final Match of the DayThe long-serving host leaves the BBC after apologising for sharing an antisemitic social media post.3 hrs agoCulture,Lineker says emotional farewell on final Match of the DayThe long-serving host leaves the BBC after apologising for sharing an antisemitic social medi...,https://www.bbc.com/news/articles/cy0kwkg7deeo,bbc
2025-05-25T22:34:16.406288,Victims in landmark child abuse trial ask why France doesn't want to knowThe trial of France's most prolific known paedophile comes to an end this week amid widespread frustration.1 day agoEurope,Victims in landmark child abuse trial ask why France doesn't want to knowThe trial of France's most prolific known paedophile comes to an end this wee...,https://www.bbc.com/news/articles/cvg559zz3d8o,bbc
2025-05-25T22:34:16.406288,Can Donald Trump build the 'Golden Dome' over the US?Experts believe that it will take decades and hundreds of billions of dollars to build the 'Golden Dome'.2 days agoUS & Canada,Can Donald Trump build the 'Golden Dome' over the US?Experts believe that it will take decades and hundreds of billions of dollars to build the 'Golde...,https://www.bbc.com/news/articles/cyvmj6mem70o,bbc
2025-05-25T22:34:16.406974,"A self-created fairy story: The rise and fall of Michelle MoneA new documentary follows the bra firm founder's journey from poverty to fame, fortune and controversy.3 hrs agoScotland Business","A self-created fairy story: The rise and fall of Michelle MoneA new documentary follows the bra firm founder's journey from poverty to fame, fortune a...",https://www.bbc.com/news/articles/cwyvqqr51pno,bbc
2025-05-25T22:34:16.406974,"Branded a terrorist: Media adds agony to Kashmiri family's griefMohammad Iqbal, a teacher in Poonch district, died in cross-border shelling between India and Pakistan.3 hrs agoAsia","Branded a terrorist: Media adds agony to Kashmiri family's griefMohammad Iqbal, a teacher in Poonch district, died in cross-border shelling between In...",https://www.bbc.com/news/articles/c17rw0vy0glo,bbc
2025-05-25T22:34:16.406974,"Call for freeze on Syrian asylum claims to endThe UK paused processing of Syrian claims five months ago, following the fall of President Assad.3 hrs agoMiddle East","Call for freeze on Syrian asylum claims to endThe UK paused processing of Syrian claims five months ago, following the fall of President Assad.3 hrs a...",https://www.bbc.com/news/articles/cdd26054l9lo,bbc
2025-05-25T22:34:16.406974,"North Korea makes arrests over botched ship launchKim Jong Un said those who made ""irresponsible errors"" would be dealt with at a plenary meeting next month.1 day agoAsia","North Korea makes arrests over botched ship launchKim Jong Un said those who made ""irresponsible errors"" would be dealt with at a plenary meeting next...",https://www.bbc.com/news/articles/cx279v4z9lzo,bbc
2025-05-25T22:34:16.406974,New York crypto investor accused of kidnapping Italian touristHe allegedly imprisoned and tortured the victim for many week in a SoHo home in order to collect ransom.1 day agoUS & Canada,New York crypto investor accused of kidnapping Italian touristHe allegedly imprisoned and tortured the victim for many week in a SoHo home in order to...,https://www.bbc.com/news/articles/cev42kr3wzwo,bbc
2025-05-25T22:34:16.407668,BBC arts broadcaster Alan Yentob dies aged 78He interviewed a raft of important cultural and creative figures over a lengthy career at the BBC.10 hrs agoCulture,BBC arts broadcaster Alan Yentob dies aged 78He interviewed a raft of important cultural and creative figures over a lengthy career at the BBC.10 hrs ...,https://www.bbc.com/news/articles/cy8dp75gw8lo,bbc
2025-05-25T22:34:16.407668,"'How my pet hamster led me to my future wife'Chris Davies, 40, says his life changed after videos of his daughter's hamster went viral online.20 hrs agoWales","'How my pet hamster led me to my future wife'Chris Davies, 40, says his life changed after videos of his daughter's hamster went viral online.20 hrs a...",https://www.bbc.com/news/articles/c071g042258o,bbc
2025-05-25T22:34:16.407668,1Why King Charles III's trip to Canada is more than just a royal visit,1Why King Charles III's trip to Canada is more than just a royal visit...,https://www.bbc.com/news/videos/cx2exnnvm1jo,bbc
2025-05-25T22:34:16.407668,2What do Canadians make of the monarchy in the Trump era?,2What do Canadians make of the monarchy in the Trump era?...,https://www.bbc.com/news/videos/clyrr3ll9jmo,bbc
2025-05-25T22:34:16.407668,3'Leap together' - watch Kermit's advice to graduating students,3'Leap together' - watch Kermit's advice to graduating students...,https://www.bbc.com/news/videos/c14ke5gg3v6o,bbc
2025-05-25T22:34:16.407668,4Bessie Carter on why Netflix's Bridgerton was such a hit,4Bessie Carter on why Netflix's Bridgerton was such a hit...,https://www.bbc.com/news/videos/crmke217r82o,bbc
2025-05-25T22:34:16.407668,5Ewan McGregor on his rebel royal neighbour,5Ewan McGregor on his rebel royal neighbour...,https://www.bbc.com/news/videos/c0l1wlr7y4wo,bbc
2025-05-25T22:34:16.434223,1King travels to support Canada as it fends off Trump,1King travels to support Canada as it fends off Trump...,https://www.bbc.com/news/articles/cgkdnmm8k2no,bbc
2025-05-25T22:34:16.434223,2Young US men are joining Russian churches promising 'absurd levels of manliness',2Young US men are joining Russian churches promising 'absurd levels of manliness'...,https://www.bbc.com/news/articles/c30q5l8d4lro,bbc
2025-05-25T22:34:16.434223,3'Situation is dire' - BBC returns to Gaza baby left hungry by Israeli blockade,3'Situation is dire' - BBC returns to Gaza baby left hungry by Israeli blockade...,https://www.bbc.com/news/articles/c5y2kd1nkleo,bbc
2025-05-25T22:34:16.434223,4'We didn't see it as treason': The Russian couple who became informants for Ukraine,4'We didn't see it as treason': The Russian couple who became informants for Ukraine...,https://www.bbc.com/news/articles/clyqq18evyko,bbc
2025-05-25T22:34:16.434223,5Bodies of five skiers found near Swiss resort,5Bodies of five skiers found near Swiss resort...,https://www.bbc.com/news/articles/ckg7y9ln5ylo,bbc
2025-05-25T22:34:16.434223,6Trump agrees to extend EU trade talks after 50% tariff threat,6Trump agrees to extend EU trade talks after 50% tariff threat...,https://www.bbc.com/news/articles/cdd2mz719yvo,bbc
2025-05-25T22:34:16.434223,7King's invitation to Canada sends a message to Trump - and the world,7King's invitation to Canada sends a message to Trump - and the world...,https://www.bbc.com/news/articles/c04erp9gxkyo,bbc
2025-05-25T22:34:16.434223,8Zelensky says 'US silence' over Russian attacks encourages Putin,8Zelensky says 'US silence' over Russian attacks encourages Putin...,https://www.bbc.com/news/articles/cx2rx8kxdm4o,bbc
2025-05-25T22:34:16.434223,9Lineker says emotional farewell on final Match of the Day,9Lineker says emotional farewell on final Match of the Day...,https://www.bbc.com/news/articles/cy0kwkg7deeo,bbc
2025-05-25T22:34:16.434223,10Rate 'rigging' traders say they were scapegoated - now the Supreme Court will decide,10Rate 'rigging' traders say they were scapegoated - now the Supreme Court will decide...,https://www.bbc.com/news/articles/c3rp94jr79po,bbc
2025-05-26T21:59:39.798153,"LIVEChild and adult seriously hurt and dozens more injured after car ploughs into UK crowdTwenty-seven people were taken to hospital and 20 others were treated at the scene. The incident in Liverpool is not being treated as terrorism, police say.",LIVEChild and adult seriously hurt and dozens more injured after car ploughs into UK crowdTwenty-seven people were taken to hospital and 20 others wer...,https://www.bbc.comhttps://www.bbc.com/news/live/cn5xnlkegz0t,bbc
2025-05-26T21:59:39.798153,"Moment car drives into crowd at Liverpool trophy paradeA 53-year-old white British man has been arrested after a car drove into pedestrians in Water Street, police say.4 hrs agoLiverpool",Moment car drives into crowd at Liverpool trophy paradeA 53-year-old white British man has been arrested after a car drove into pedestrians in Water S...,https://www.bbc.com/news/videos/c4grq15y6yeo,bbc
2025-05-26T21:59:39.798153,Moment truck explodes while driving through Chicago suburbThe driver was taken to hospital with non-life threatening injuries.3 hrs agoUS & Canada,Moment truck explodes while driving through Chicago suburbThe driver was taken to hospital with non-life threatening injuries.3 hrs agoUS & Canada...,https://www.bbc.com/news/videos/c4grjnd1dveo,bbc
2025-05-26T21:59:39.798153,Could Nigeria's careful ethnic balancing act be under threat?Criticism is growing after several top positions go to members of the president's ethnic Yoruba group.3 hrs agoAfrica,Could Nigeria's careful ethnic balancing act be under threat?Criticism is growing after several top positions go to members of the president's ethnic ...,https://www.bbc.com/news/articles/ce9v2m7k988o,bbc
2025-05-26T21:59:39.798153,Greek coastguards charged over 2023 migrant shipwreckSeventeen coastguards have been charged by a Greek naval court over the deadliest migrant boat disaster in the Mediterranean Sea for a decade.3 hrs agoEurope,Greek coastguards charged over 2023 migrant shipwreckSeventeen coastguards have been charged by a Greek naval court over the deadliest migrant boat di...,https://www.bbc.com/news/articles/cp8yjlzd3pvo,bbc
2025-05-26T21:59:39.798153,"Kremlin calls Trump 'emotional' after US president says Putin is 'crazy'Trump said that Vladimir Putin had gone ""absolutely crazy"" following massive aerial attacks on Ukraine.8 hrs agoWorld","Kremlin calls Trump 'emotional' after US president says Putin is 'crazy'Trump said that Vladimir Putin had gone ""absolutely crazy"" following massive a...",https://www.bbc.com/news/articles/c4g2wz74jdzo,bbc
2025-05-26T21:59:39.798153,"'Flames were everywhere': Children among dead as Israel strikes Gaza schoolIsrael's military says it was targeting a Hamas control centre at the school, where rescuers say displaced families were sheltering.9 hrs agoMiddle East",'Flames were everywhere': Children among dead as Israel strikes Gaza schoolIsrael's military says it was targeting a Hamas control centre at the schoo...,https://www.bbc.com/news/articles/cz9yjj54v3xo,bbc
2025-05-26T21:59:39.798153,"Far-right marchers attack Palestinians as Israel marks taking of JerusalemIsraeli opposition leaders condemned attacks on Palestinians as ""racist"" and a disgrace to Judaism.8 hrs agoMiddle East","Far-right marchers attack Palestinians as Israel marks taking of JerusalemIsraeli opposition leaders condemned attacks on Palestinians as ""racist"" and...",https://www.bbc.com/news/articles/czelwkwn3y2o,bbc
2025-05-26T21:59:39.801152,Ex-police chief convicted of rape and murder escapes Arkansas prison7 hrs agoUS & Canada,Ex-police chief convicted of rape and murder escapes Arkansas prison7 hrs agoUS & Canada...,https://www.bbc.com/news/articles/c9q0n9zjqq3o,bbc
2025-05-26T21:59:39.801152,King Charles and Queen Camilla welcomed in Ottawa amid US tensions5 hrs agoUS & Canada,King Charles and Queen Camilla welcomed in Ottawa amid US tensions5 hrs agoUS & Canada...,https://www.bbc.com/news/articles/cm23dg2eye0o,bbc
2025-05-26T21:59:39.801152,Fears over hazardous spill after cargo ship capsizes off coast of India17 hrs agoAsia,Fears over hazardous spill after cargo ship capsizes off coast of India17 hrs agoAsia...,https://www.bbc.com/news/articles/cdd2mr388ypo,bbc
2025-05-26T21:59:39.801152,"Watch: Push in the face by wife was joke not domestic dispute, says Macron14 hrs agoEurope","Watch: Push in the face by wife was joke not domestic dispute, says Macron14 hrs agoEurope...",https://www.bbc.com/news/videos/c201e8g0yg3o,bbc
2025-05-26T21:59:39.801152,"Fake discounts on Shein 'breach law', EU says9 hrs agoBusiness","Fake discounts on Shein 'breach law', EU says9 hrs agoBusiness...",https://www.bbc.com/news/articles/c62vq1mnndno,bbc
2025-05-26T21:59:39.801152,"'Situation is dire' - BBC returns to Gaza baby left hungry by Israeli blockadeMalnourished five-month-old baby Siwar is now out of hospital in Gaza - but as we found, she and her family are struggling.1 day agoMiddle East",'Situation is dire' - BBC returns to Gaza baby left hungry by Israeli blockadeMalnourished five-month-old baby Siwar is now out of hospital in Gaza - ...,https://www.bbc.com/news/articles/c5y2kd1nkleo,bbc
2025-05-26T21:59:39.801152,What you need to know ahead of South Korea's snap presidential electionThe vote comes after the impeachment and removal of former president Yoon Suk Yeol.4 hrs agoAsia,What you need to know ahead of South Korea's snap presidential electionThe vote comes after the impeachment and removal of former president Yoon Suk Y...,https://www.bbc.com/news/articles/c8e66565wj0o,bbc
2025-05-26T21:59:39.801152,"An Indian teacher was killed - then he got falsely labelled a ""terrorist""Mohammad Iqbal, a teacher in Poonch district, died in cross-border shelling between India and Pakistan.1 day agoAsia","An Indian teacher was killed - then he got falsely labelled a ""terrorist""Mohammad Iqbal, a teacher in Poonch district, died in cross-border shelling b...",https://www.bbc.com/news/articles/c17rw0vy0glo,bbc
2025-05-26T21:59:39.801152,"Rushdie 'pleased' with attacker's maximum sentenceAuthor Sir Salman Rushdie says he hopes the man who stabbed him ""reflects upon his deeds"" in jail.16 hrs agoCulture","Rushdie 'pleased' with attacker's maximum sentenceAuthor Sir Salman Rushdie says he hopes the man who stabbed him ""reflects upon his deeds"" in jail.16...",https://www.bbc.com/news/articles/c5y2kg77drzo,bbc
2025-05-26T21:59:39.802149,"Why is King Charles in Canada, and what is the throne speech?The visit marks the first time for decades that a monarch has formally opened the parliament in Ottawa.5 hrs agoUS & Canada","Why is King Charles in Canada, and what is the throne speech?The visit marks the first time for decades that a monarch has formally opened the parliam...",https://www.bbc.com/news/articles/cg711lg8mv8o,bbc
2025-05-26T21:59:39.802149,"Shubman Gill takes guard - but can the Indian batter lead from the front?To pull India out of the current rut, Gill will have to lead the way as batter and captain in charge of a new-look team.3 hrs agoEngland","Shubman Gill takes guard - but can the Indian batter lead from the front?To pull India out of the current rut, Gill will have to lead the way as batte...",https://www.bbc.com/news/articles/cx2r532gjyno,bbc
2025-05-26T21:59:39.802149,"The people who think AI might become consciousWith a leap in the evolution of large language models, some leading thinkers are questioning whether AI might become sentient1 day agoBBC InDepth","The people who think AI might become consciousWith a leap in the evolution of large language models, some leading thinkers are questioning whether AI ...",https://www.bbc.com/news/articles/c0k3700zljjo,bbc
2025-05-26T21:59:39.802149,German YouTuber 'risks his life' for cheese-rolling win on steep UK hillTom Kopke is among the winners at the annual event down Cooper's Hill in Gloucestershire.11 hrs agoGloucestershire,German YouTuber 'risks his life' for cheese-rolling win on steep UK hillTom Kopke is among the winners at the annual event down Cooper's Hill in Glouc...,https://www.bbc.com/news/articles/czj4vw0m3lzo,bbc
2025-05-26T21:59:39.802149,"Humanoid robots fight in Chinese kick-boxing competitionThe two humanoid robots traded punches while fans watched on, in a world-first humanoid robot fighting event.20 hrs agoAsia","Humanoid robots fight in Chinese kick-boxing competitionThe two humanoid robots traded punches while fans watched on, in a world-first humanoid robot ...",https://www.bbc.com/news/videos/cgeg2x3lwepo,bbc
2025-05-26T21:59:39.802149,Winemakers finding Trump's tariffs hard to swallowWine producers in both France and the US are unhappy at the US president's trade actions.1 day agoBusiness,Winemakers finding Trump's tariffs hard to swallowWine producers in both France and the US are unhappy at the US president's trade actions.1 day agoBu...,https://www.bbc.com/news/articles/ckgr5kgxr8eo,bbc
2025-05-26T21:59:39.802149,"'We didn't see it as treason': The Russian couple who became informants for UkraineA Russian couple living in Ukraine were so appalled by the invasion, they shared information about Russian forces in their town with Kyiv.1 day agoEurope",'We didn't see it as treason': The Russian couple who became informants for UkraineA Russian couple living in Ukraine were so appalled by the invasion...,https://www.bbc.com/news/articles/clyqq18evyko,bbc
2025-05-26T21:59:39.802149,"North Korea arrests senior official over warship launch failureThe Workers' Party official was ""largely responsible"" for the botched launch, state media said.19 hrs agoAsia","North Korea arrests senior official over warship launch failureThe Workers' Party official was ""largely responsible"" for the botched launch, state med...",https://www.bbc.com/news/articles/cwy3rr307qyo,bbc
2025-05-26T21:59:39.802149,'Nowhere is safe' - Cameroonians trapped between separatists and soldiersThousands have died in a conflict that has been largely ignored by the rest of the world.1 day agoAfrica,'Nowhere is safe' - Cameroonians trapped between separatists and soldiersThousands have died in a conflict that has been largely ignored by the rest o...,https://www.bbc.com/news/articles/c6296pp1p6wo,bbc
2025-05-26T21:59:39.802149,"Thousands remember George Floyd on fifth anniversary of deathAs the cities where Floyd grew up and died hold commemorations,  the US ""reckoning"" with racism seems to be fading.1 day agoUS & Canada","Thousands remember George Floyd on fifth anniversary of deathAs the cities where Floyd grew up and died hold commemorations,  the US ""reckoning"" with ...",https://www.bbc.com/news/articles/cgmjzyp0kwzo,bbc
2025-05-26T21:59:39.802149,1Moment car drives into crowd at Liverpool trophy parade,1Moment car drives into crowd at Liverpool trophy parade...,https://www.bbc.com/news/videos/c4grq15y6yeo,bbc
2025-05-26T21:59:39.802149,2Moment truck explodes while driving through Chicago suburb,2Moment truck explodes while driving through Chicago suburb...,https://www.bbc.com/news/videos/c4grjnd1dveo,bbc
2025-05-26T21:59:39.802149,"3Watch: Push in the face by wife was joke not domestic dispute, says Macron","3Watch: Push in the face by wife was joke not domestic dispute, says Macron...",https://www.bbc.com/news/videos/c201e8g0yg3o,bbc
2025-05-26T21:59:39.802149,4Trump lays wreath at Arlington cemetery ceremony,4Trump lays wreath at Arlington cemetery ceremony...,https://www.bbc.com/news/videos/cdr56v35rnno,bbc
2025-05-26T21:59:39.802149,5Watch: Suspected sabotage causes Cannes power cut 'meltdown',5Watch: Suspected sabotage causes Cannes power cut 'meltdown'...,https://www.bbc.com/news/videos/cvgvnzxlee1o,bbc
2025-05-26T21:59:39.802149,1Kremlin calls Trump 'emotional' after US president says Putin is 'crazy',1Kremlin calls Trump 'emotional' after US president says Putin is 'crazy'...,https://www.bbc.com/news/articles/c4g2wz74jdzo,bbc
2025-05-26T21:59:39.802149,2King Charles and Queen Camilla welcomed in Ottawa amid US tensions,2King Charles and Queen Camilla welcomed in Ottawa amid US tensions...,https://www.bbc.com/news/articles/cm23dg2eye0o,bbc
2025-05-26T21:59:39.802149,3Far-right marchers attack Palestinians as Israel marks taking of Jerusalem,3Far-right marchers attack Palestinians as Israel marks taking of Jerusalem...,https://www.bbc.com/news/articles/czelwkwn3y2o,bbc
2025-05-26T21:59:39.802149,4Ex-police chief convicted of rape and murder escapes Arkansas prison,4Ex-police chief convicted of rape and murder escapes Arkansas prison...,https://www.bbc.com/news/articles/c9q0n9zjqq3o,bbc
2025-05-26T21:59:39.802149,5'It missed us by inches': Witnesses describe car driving into crowd at Liverpool FC parade,5'It missed us by inches': Witnesses describe car driving into crowd at Liverpool FC parade...,https://www.bbc.com/news/articles/cy0jvepd1p2o,bbc
2025-05-26T21:59:39.802149,6Young US men are joining Russian churches promising 'absurd levels of manliness',6Young US men are joining Russian churches promising 'absurd levels of manliness'...,https://www.bbc.com/news/articles/c30q5l8d4lro,bbc
2025-05-26T21:59:39.802149,7King prepares to give key speech backing Canada,7King prepares to give key speech backing Canada...,https://www.bbc.com/news/articles/c9wgd98yr89o,bbc
2025-05-26T21:59:39.802149,8Greek coastguards charged over 2023 migrant shipwreck,8Greek coastguards charged over 2023 migrant shipwreck...,https://www.bbc.com/news/articles/cp8yjlzd3pvo,bbc
2025-05-26T21:59:39.802149,"9Why is King Charles in Canada, and what is the throne speech?","9Why is King Charles in Canada, and what is the throne speech?...",https://www.bbc.com/news/articles/cg711lg8mv8o,bbc
2025-05-26T21:59:39.802149,10Japan flight made emergency landing after man tried opening door,10Japan flight made emergency landing after man tried opening door...,https://www.bbc.com/news/articles/cgmjzlj0g30o,bbc
2025-05-26T21:59:39.802149,"'It missed us by inches': Witnesses describe car driving into crowd at Liverpool title paradeAn off-duty BBC reporter who was attending the parade called it ""hell on Earth"".4 hrs agoLiverpool",'It missed us by inches': Witnesses describe car driving into crowd at Liverpool title paradeAn off-duty BBC reporter who was attending the parade cal...,https://www.bbc.com/news/articles/cy0jvepd1p2o,bbc
2025-05-26T21:59:39.802149,"LIVEChild and adult seriously hurt and dozens more injured after car ploughs into Liverpool crowdTwenty-seven people were taken to hospital and 20 others were treated at the scene. The incident is not being treated as terrorism, police say.",LIVEChild and adult seriously hurt and dozens more injured after car ploughs into Liverpool crowdTwenty-seven people were taken to hospital and 20 oth...,https://www.bbc.comhttps://www.bbc.com/news/live/cn5xnlkegz0t,bbc
"Fri, 23 May 2025 16:15:07 GMT",Judge blocks Trump administration from revoking Harvard enrollment of foreign students - Reuters,"<ol><li><a href=""https://news.google.com/rss/articles/CBMitgFBVV95cUxQc1JtQlhiNEVwaEJsTHp1bmN4M2hJLUxjTElrbnlkdkZnb2FQSHJINUhtRkdva1BQaWY0QzQ4NWN4NHF4...",https://news.google.com/rss/articles/CBMitgFBVV95cUxQc1JtQlhiNEVwaEJsTHp1bmN4M2hJLUxjTElrbnlkdkZnb2FQSHJINUhtRkdva1BQaWY0QzQ4NWN4NHF4eGN1V2phcDJTdTNYZ3haX1UyNTlFZ3owVUdrY1BZTUFkRnR6WHIyNjVOTFpUNmFSU3lGTFpYYWtaTmVmakZ2Z0h4cUx2Ull2ZjV3Q1B4Q2VPN3dOVzJ4OUdSakdWQU5pTFNNUlhoNFBha0dHYmQtZVBLdw?oc=5,google_news
"Fri, 23 May 2025 09:01:48 GMT","""Like a pendulum"": How America's racial reckoning unraveled - Axios","<ol><li><a href=""https://news.google.com/rss/articles/CBMihAFBVV95cUxNNllJTy1sZmlxZ3hGcnFMSnN3LUFKa2lFaXF2TG5mTTh1MzNOTER2TjJNZHA1NHNwVkhpdlYwb3ZrVXNu...",https://news.google.com/rss/articles/CBMihAFBVV95cUxNNllJTy1sZmlxZ3hGcnFMSnN3LUFKa2lFaXF2TG5mTTh1MzNOTER2TjJNZHA1NHNwVkhpdlYwb3ZrVXNucjU2cGM1cWs5MVg0cXk1TG1DTExWelUzRnlXU0IwVFBBaGRWRDZMM1RuMFhiMkJqbXg2M240TzdKcml4amlaZVo?oc=5,google_news
"Fri, 23 May 2025 12:00:00 GMT",Capitol agenda: Megabill heads toward a Senate buzzsaw - Politico,"<ol><li><a href=""https://news.google.com/rss/articles/CBMivAFBVV95cUxPcUhNWXp2bFR5dGhHay1zNlJfWGFVLUg1VkVZVnNJb1dMY3BXbFhFN1ZqeUZkSnJvTzZGeEVGd2hYNVhh...",https://news.google.com/rss/articles/CBMivAFBVV95cUxPcUhNWXp2bFR5dGhHay1zNlJfWGFVLUg1VkVZVnNJb1dMY3BXbFhFN1ZqeUZkSnJvTzZGeEVGd2hYNVhhWE1QUlRIRWdCMDJyTVMyTVlBbE5DMWh1dkUteEwzMDZlcFF2WUQ5QzU3X1FidHMtS01HVldSdUZSZWcwSmJiV05pandxNlFLTmtSNWo5TE54YVhCT0k5RWVib1hpU2NZVG1EelR5T3o4ejgzWHI5TFh5dmFCc2NJeQ?oc=5,google_news
"Fri, 23 May 2025 05:38:02 GMT","Columbia Violated Jewish Students’ Civil Rights, Trump Administration Finds - The New York Times","<ol><li><a href=""https://news.google.com/rss/articles/CBMilwFBVV95cUxNUUdERXJsbm1BT2s5UllUT2N3TW5uNmdMTjRhNmtldF9jZnhXM0VDbThyRDMySDloS200bmRmTEVKTGow...",https://news.google.com/rss/articles/CBMilwFBVV95cUxNUUdERXJsbm1BT2s5UllUT2N3TW5uNmdMTjRhNmtldF9jZnhXM0VDbThyRDMySDloS200bmRmTEVKTGowY2FJV2hJN2dScXhMQkRDX0JGQkFmZ0lGYWF1a1dybGlsbEt3VTZtTzRlSVU0YmYyNEtESTVxdElnREF0OTRQQWJJYzhTS3ZtOHVlTjlXSWdHVXBv?oc=5,google_news
"Fri, 23 May 2025 05:30:53 GMT",Music talent agent among dead after jet crashes into San Diego neighborhood - NPR,"<ol><li><a href=""https://news.google.com/rss/articles/CBMilgFBVV95cUxQZG5RcWp5bjlFaDRGMFlzak5Nc1doS1ZLV25obUNIZXhaWFhxWkU2c1k1WE1TWEhpQjhnMlNhenM4YWgz...",https://news.google.com/rss/articles/CBMilgFBVV95cUxQZG5RcWp5bjlFaDRGMFlzak5Nc1doS1ZLV25obUNIZXhaWFhxWkU2c1k1WE1TWEhpQjhnMlNhenM4YWgzblhzSUo2NWREbTFxX2NEU2piWXplMXRheGx6eDA0anlrWDJNeU9NWF9qRkNWMHI3cEM3SlpXYWFHOFBsamNocWtaZ1J4RjRuYVZKNm5KbVpIVnc?oc=5,google_news
"Fri, 23 May 2025 09:00:00 GMT",Graphics: Here's what it will take to transform the Qatari jet into Air Force One - NPR,"<ol><li><a href=""https://news.google.com/rss/articles/CBMiogFBVV95cUxOT3R1NWhxbkUxYmpWT3B2VHQ4QzJjM2dSaGZoZmZtTG82RFZZUlpPMmp1RE83VjVxbFluX20wVDkyQ0NR...",https://news.google.com/rss/articles/CBMiogFBVV95cUxOT3R1NWhxbkUxYmpWT3B2VHQ4QzJjM2dSaGZoZmZtTG82RFZZUlpPMmp1RE83VjVxbFluX20wVDkyQ0NRbUFBMVRBTU5kQTh1c1pEVy1wMXh3bHJibVJVZ094MU1qSzFqbURlaTBULTFwOTlJMi1zWG92SkRyaWxfeGZpM2tZT3R6RTBkRDd0YVViNnJQZ0V5OFBQWkhFOXM2VFE?oc=5,google_news
"Fri, 23 May 2025 15:16:00 GMT",Suspect in shooting of Israeli Embassy staffers railed against Gaza war in online posts - AP News,"<ol><li><a href=""https://news.google.com/rss/articles/CBMipAFBVV95cUxQVGJ2UU9iMVJYYWJoN2JEcDRDX1NOV0wzQk01Y3g2dHktaG1vZThBUkR4MjlUem5VWGU2Nk9TUkJsQUNz...",https://news.google.com/rss/articles/CBMipAFBVV95cUxQVGJ2UU9iMVJYYWJoN2JEcDRDX1NOV0wzQk01Y3g2dHktaG1vZThBUkR4MjlUem5VWGU2Nk9TUkJsQUNzMEJPLXBPR0VDV2RHRHdlQnZSM0xVcVlHM2NzTkpVMTZza1JmOThQV3F0b1NzaXVGdkhqN1lSQ3Z5MUtUOEUyRXlZNnFIamUySGVXZWRVS2pmLUE3UFRsQlJOcXBKaDZzWg?oc=5,google_news
"Fri, 23 May 2025 15:26:34 GMT",Judge extends order blocking Trump’s mass federal worker layoffs - The Washington Post,"<ol><li><a href=""https://news.google.com/rss/articles/CBMisAFBVV95cUxPMEV5SGNMRzhkY3lhbTIxMmFFVDIwZDN0VUNqRlkxVHpuVjlnZW9xUnlzc0pfamtoNXdQaENBWTBBVVhY...",https://news.google.com/rss/articles/CBMisAFBVV95cUxPMEV5SGNMRzhkY3lhbTIxMmFFVDIwZDN0VUNqRlkxVHpuVjlnZW9xUnlzc0pfamtoNXdQaENBWTBBVVhYVS1UZGNvZkx4YzE2aWgtZmI2SUQtOC1pak9iSG9ZdlFfc1FTWldUTVJkaU9qX2Rfb05ZRWtzZi1Cb3Z2NnhoQ1UwUjA0d05DeVQ5N2pJMlM5SUJPcFJaVHNadVU1OWFjNzZqUGpfX0Q2MnZCSA?oc=5,google_news
"Fri, 23 May 2025 16:00:00 GMT",RFK Jr.’s report had a surprise target: your doctor - Politico,"<ol><li><a href=""https://news.google.com/rss/articles/CBMikgFBVV95cUxPeFRZQjR5VHhHYnBKV0xfMFpZMEhHLVZXSEtqcXJzQTNXWXlpVTE1Xy02X1BhMm0zajA1YlhpaHZFblZi...",https://news.google.com/rss/articles/CBMikgFBVV95cUxPeFRZQjR5VHhHYnBKV0xfMFpZMEhHLVZXSEtqcXJzQTNXWXlpVTE1Xy02X1BhMm0zajA1YlhpaHZFblZiQUIxNHdrVFpqN0kzUUVfc1pHZkhtTHpOZVNjRHNXTmZXZEhKSWNhbWtrUUg1REhwU1djUVA1c1g3S0FUbENqX1dpQUFZNjlwekJHR2Utdw?oc=5,google_news
"Fri, 23 May 2025 15:17:17 GMT",‘Rearview mirror stuff’: Trump’s budget chief mocks GAO’s impoundment opinion - Politico,"<ol><li><a href=""https://news.google.com/rss/articles/CBMimgFBVV95cUxNdWRWVVRoUi1HMmxudW15OFFkVGVxSDZuWEVyYjNJa3pUal92NC1LQWhTMnhnT1lRVERVSnJ5Ymx3ZmFo...",https://news.google.com/rss/articles/CBMimgFBVV95cUxNdWRWVVRoUi1HMmxudW15OFFkVGVxSDZuWEVyYjNJa3pUal92NC1LQWhTMnhnT1lRVERVSnJ5Ymx3ZmFoY3JmMGFFNlppdXk3YlNvNUlQY2M4TDY0UWZvZFdOVEt5MzZjS1dZZ2lqTlB5eTZHUUdqRnplWWJDQkxzVjNWWnVGMkxlMDFCNkRJbjU0R2FwQTV4enRn?oc=5,google_news
"Fri, 23 May 2025 16:10:00 GMT",Russia and Ukraine say a major prisoner swap has begun - AP News,"<ol><li><a href=""https://news.google.com/rss/articles/CBMinwFBVV95cUxONER2TzVUTUhKN2MwMVh1ci04MkhXakFJbDZXcXlsWWo2LXlncUxTLVZ4X3c4aGMzWFNMX1VndDgwVTFs...",https://news.google.com/rss/articles/CBMinwFBVV95cUxONER2TzVUTUhKN2MwMVh1ci04MkhXakFJbDZXcXlsWWo2LXlncUxTLVZ4X3c4aGMzWFNMX1VndDgwVTFsM0VnTlNlWWlGckJNQkNwUDN2cE95VkdqOEc3aC1PWEY0M0VPVklmUlMxdWdFNVdNQWl3eDlUMDZURE9WbEtLTnhqT3pEZm9tQ3ZSLU5Mb1RhU3lFSG1kLXNENm8?oc=5,google_news
"Fri, 23 May 2025 15:45:14 GMT",Container ship barely misses Norwegian man’s house after running aground - The Washington Post,"<ol><li><a href=""https://news.google.com/rss/articles/CBMilAFBVV95cUxNSG5jREFTNERONWhpbjljNTAxUjZ2cGZ4LW12d0hoTTZLTHltSlNsOHZLVXNKZlJfYzQ3Yng3QllHc0tq...",https://news.google.com/rss/articles/CBMilAFBVV95cUxNSG5jREFTNERONWhpbjljNTAxUjZ2cGZ4LW12d0hoTTZLTHltSlNsOHZLVXNKZlJfYzQ3Yng3QllHc0tqYnB5TkJuRmlqSk1YNjN5c1N4YkkyTzdzc0JPZ1FUT1RDenc0Tnp5cmg3UnM2NHdUX0R5SHBaUVZ6R3RzVmN6OE1xV0NaUUlLcFBaSkR6c2hn?oc=5,google_news
"Fri, 23 May 2025 15:11:48 GMT",North Korea: Satellite photos show Kim Jong Un's damaged warship - BBC,"<ol><li><a href=""https://news.google.com/rss/articles/CBMiWkFVX3lxTE00SmxCcmk5NHlxSlJSaloxMGFQc0E3OER6OFBXVHU3anVReVBBMnNWRnpxeHhTNmlDajdEWUJfUklaM1dN...",https://news.google.com/rss/articles/CBMiWkFVX3lxTE00SmxCcmk5NHlxSlJSaloxMGFQc0E3OER6OFBXVHU3anVReVBBMnNWRnpxeHhTNmlDajdEWUJfUklaM1dNeXZlVUxaV1JDYXJtcEZoOXZqN2xuZ9IBX0FVX3lxTE43VXVsR0xaZV9SRjcwb3JCWUZjYzV5bzhGM2h1ZEFkS3pPVkRmME1ZTTc5Q3pMTk9mZWktRk54bHZEd3VHVTQ3T0hCV1oxd2lSSVE3X2kzTExaRWdJYWhj?oc=5,google_news
"Thu, 22 May 2025 21:53:45 GMT",The U.K. hands Chagos Islands over to Mauritius but says it will secure a U.S. base - NPR,"<ol><li><a href=""https://news.google.com/rss/articles/CBMioAFBVV95cUxPMkpYTFJPZ3lsUml4QVdGVDRDcktUNC1pd3NfQUxCNVVRRlppWC14b2FpbkFaZHViem42dHF6eDdXVHk2...",https://news.google.com/rss/articles/CBMioAFBVV95cUxPMkpYTFJPZ3lsUml4QVdGVDRDcktUNC1pd3NfQUxCNVVRRlppWC14b2FpbkFaZHViem42dHF6eDdXVHk2WlEwOEdDbjhZU0JEVEZ3SmRjX1dzNUdTRWtIdVJQSGRRMDNrdVhoYVZxLWtiTEFRVVRQRVVDQVR0dzFuZGF0VjAyQ1VjNDBwTENNUnBCTlFCNkY3eGVlamR0Nk5m?oc=5,google_news
"Fri, 23 May 2025 13:48:00 GMT",Trump threatens Apple with a 25% tariff if it doesn’t build iPhones in America - CNN,"<ol><li><a href=""https://news.google.com/rss/articles/CBMidkFVX3lxTFA4eGNsZm1ibEVGYTg4czRsQWI2WUtoWENfdXlPRGs5WU5YcEhnUVJkdXcwSGFobzl1QWluR0s1ekZxMllG...",https://news.google.com/rss/articles/CBMidkFVX3lxTFA4eGNsZm1ibEVGYTg4czRsQWI2WUtoWENfdXlPRGs5WU5YcEhnUVJkdXcwSGFobzl1QWluR0s1ekZxMllGS3VWd01uYTlhWnluMUcxQkJFQURNUkFSZ0FHbFkxNDhqRC1BM05rNzlybGEtT0NPOHfSAXtBVV95cUxNNTdXdXJJRUg1cnZGanRLVmE1M1NSQ0tXTmdTcDFhelE5M2pseGR4WVgxeEtvblBjeGN5ZFZBbUF5TlUza1NWLWZnZWJ3OWZPeHF4a1ZTSDVHSG5TcnpHbGkyc2xLcjIwX2NvbUFSeGxmYTJUcU1SbWRJUms?oc=5,google_news
"Fri, 23 May 2025 13:56:30 GMT","Who is Justin Sun, the Chinese billionaire at Trump’s crypto dinner? - The Washington Post","<ol><li><a href=""https://news.google.com/rss/articles/CBMihgFBVV95cUxQeUpHQXVZU283ZnZLRWlRMkFtNnBQdHlMTGpabGp2Nk9BQlV2VExpM0NyQU5ZSzZSSlNRcDlQUUxfYXhl...",https://news.google.com/rss/articles/CBMihgFBVV95cUxQeUpHQXVZU283ZnZLRWlRMkFtNnBQdHlMTGpabGp2Nk9BQlV2VExpM0NyQU5ZSzZSSlNRcDlQUUxfYXhlX2RRQVd6dmRYRkNDU3laVzNmSlVXZm5wZXNUcHFLb0otSW4ybm9ZMGowQTVhVW5YVFEyYmZNV1ZyOFB0c2hnbEMyZw?oc=5,google_news
"Fri, 23 May 2025 14:57:33 GMT",How Electric Vehicles are Targeted by the Republican Policy Bill - The New York Times,"<ol><li><a href=""https://news.google.com/rss/articles/CBMiiAFBVV95cUxOUXhnOUFoRUkxRzBheEhjb1B1d3QtNkZpcVA1cDRwMDBtXy1mLVJFUXpKRkN6bUE5TTh3bXBwVHRlVkgz...",https://news.google.com/rss/articles/CBMiiAFBVV95cUxOUXhnOUFoRUkxRzBheEhjb1B1d3QtNkZpcVA1cDRwMDBtXy1mLVJFUXpKRkN6bUE5TTh3bXBwVHRlVkgzbDlWZXk1UVB5WUgzS2FqdWhQc0lzWFFPZDc4eU9hTno2SVlORVJNTHJ4NDFHOFA0amVhVnk4WDkyRUNrUGhDM2RsVjkt?oc=5,google_news
"Fri, 23 May 2025 12:15:22 GMT",AI system resorts to blackmail if told it will be removed - BBC,"<ol><li><a href=""https://news.google.com/rss/articles/CBMiWkFVX3lxTE5jempERVkwX2p5V3VOOGpNcU5EY1pvQTdFY0ZvWG42RUk5RktzVW5lYXNBTlhSUWR3QlZyYV91UjUyZHR4...",https://news.google.com/rss/articles/CBMiWkFVX3lxTE5jempERVkwX2p5V3VOOGpNcU5EY1pvQTdFY0ZvWG42RUk5RktzVW5lYXNBTlhSUWR3QlZyYV91UjUyZHR4OThLemE1LV8tMnV2aXVlaDhPMDNxZ9IBX0FVX3lxTE1BTXBsZFpvdzNYdDIzTVhrSHFoVHR5T3lCeVkwNWtCN3hkX1BqYWZETDJ3Sm8xcHBDMGk3Q3JnTXJ0XzE2TnBxRFoyUGxuRzFRRGl4enJMTXJRc0FtQ1M0?oc=5,google_news
"Fri, 23 May 2025 09:00:00 GMT","Here are the 6 biggest takeaways from Google I/O, where the tech giant proved it has real AI momentum - Business Insider","<ol><li><a href=""https://news.google.com/rss/articles/CBMinAFBVV95cUxPQkRCc0pzRTdvdHZTS2ZsRjRKSlJTOWtCQjY5TkpNcXFBTmRkWW5LZndfaXRRcWZMWjlleUxZV3hreHVN...",https://news.google.com/rss/articles/CBMinAFBVV95cUxPQkRCc0pzRTdvdHZTS2ZsRjRKSlJTOWtCQjY5TkpNcXFBTmRkWW5LZndfaXRRcWZMWjlleUxZV3hreHVNak12M1BDQUU2QlAzbG9tZG5WeDVDWE5sZU92U1J3MkN2ZXg2NWFSLW9lLW9faEQzVTZhQ09xWjdjYWVzaXFhczhFd3A4TTVrU2ZYMVdhaHdoTGdRVG16Tzc?oc=5,google_news
"Fri, 23 May 2025 14:25:00 GMT",The 5 coolest gadgets I saw at Computex 2025 (and that you can actually buy) - ZDNET,"<ol><li><a href=""https://news.google.com/rss/articles/CBMiqAFBVV95cUxOLUhpdnZnbTdtZndsTVZYWG5OTWlJdUtJXzI5LUYyZm5ucnF5RW9pczNjaks4RG9oSWFreURnOHV1WHN5...",https://news.google.com/rss/articles/CBMiqAFBVV95cUxOLUhpdnZnbTdtZndsTVZYWG5OTWlJdUtJXzI5LUYyZm5ucnF5RW9pczNjaks4RG9oSWFreURnOHV1WHN5TDFBOFNHZGRlYmR1MFRaTGhwd21mb3ZlRHlhVWZELXprY0R2LVQzUERhTndaSUYxN0ZULWdBRXlaQUcyOTRkRlJ0QlBDaEJ0VFdCVXNXUVo4SnJOdG56SUp5NjN6R0VIbG1Eemk?oc=5,google_news
"Fri, 23 May 2025 15:30:57 GMT",45 Practical Things Worth Buying From Memorial Day Sales - BuzzFeed,"<ol><li><a href=""https://news.google.com/rss/articles/CBMikwFBVV95cUxNa0EzR1dkY0tyTWprWGdJSHdJdHBmd2tVS2dYaXRBYldJcWp1SXJYNXB6b2dUVlhpdHZJem56UGRqbnRy...",https://news.google.com/rss/articles/CBMikwFBVV95cUxNa0EzR1dkY0tyTWprWGdJSHdJdHBmd2tVS2dYaXRBYldJcWp1SXJYNXB6b2dUVlhpdHZJem56UGRqbnRyb2JsZ0d6QTVKN3dYaTVvQ2twS1R3dTRzMHQtN2x5eFRqRTY5MlVHQnR0WGRKZ3huYUhCQkxSSGo3VFNNZndKVVBrM2w0SmQxNk9VNXlrSzg?oc=5,google_news
"Fri, 23 May 2025 09:59:00 GMT",Microsoft CPO says she 'fundamentally' disagrees with the idea that people shouldn't study computer science - Business Insider,"<a href=""https://news.google.com/rss/articles/CBMiuAFBVV95cUxNZUtOYUJiLWFuVEN3WkRoYVJVRFVZdkhBYkxUa1NxNE1BNE00WFpIaktWQmM3a1oyWm5FLXZUd1dlWjhueFBtWXdQ...",https://news.google.com/rss/articles/CBMiuAFBVV95cUxNZUtOYUJiLWFuVEN3WkRoYVJVRFVZdkhBYkxUa1NxNE1BNE00WFpIaktWQmM3a1oyWm5FLXZUd1dlWjhueFBtWXdQM0tVaUhyNVE5NXpOSTFhYUliUElNZU1aNmRROFA0Sk5PWHBvazZiU2RONlBEVUtxdFRsRWpVb3k1SlFfbnU0QjROQVF3NjdSeUM0VzVXQm1JaTB1RG8xclE1Z29JcmxuS1JnOXJURkpXRmVfX1oy?oc=5,google_news
"Fri, 23 May 2025 16:00:07 GMT",Billy Joel Cancels All Concerts After Brain Disorder Diagnosis - Rolling Stone,"<a href=""https://news.google.com/rss/articles/CBMisAFBVV95cUxNTmY3TVlXLWZzZUtWZGo1U3lLeFR0YU42MklZem8tTDFaaXZnQmJrdF9fNVJQTGIxVFgwRkpTNjhHcllYd19FS0xU...",https://news.google.com/rss/articles/CBMisAFBVV95cUxNTmY3TVlXLWZzZUtWZGo1U3lLeFR0YU42MklZem8tTDFaaXZnQmJrdF9fNVJQTGIxVFgwRkpTNjhHcllYd19FS0xUdUNyZ0VDbEtHQ1FGeXlOQnNFQlQtVVBqbTd1eFVhc2tCLUd6dWhOS3pvV3FNMWtMbzdFRVVwcVd2U0l0V1pNdmpoQnZ5MG1laXhpbGxTSnpuUlkwWmZreVNKS3M0SmVkel9zc09CWQ?oc=5,google_news
"Thu, 22 May 2025 23:00:00 GMT","‘Sirens’ Star Meghann Fahy Breaks Down the Show’s Shocking Ending, That ‘Powerful’ Last Scene With Julianne Moore and Her Hopes for a Season 2 - Variety","<ol><li><a href=""https://news.google.com/rss/articles/CBMikgFBVV95cUxNQlV0OGVyUnlFaEF3c0hpT01YSjFMY3l4OHNiVTBfOHRRQWtwWTdpWGxNd1pMbk1adWVRWlZJY3o4OGdV...",https://news.google.com/rss/articles/CBMikgFBVV95cUxNQlV0OGVyUnlFaEF3c0hpT01YSjFMY3l4OHNiVTBfOHRRQWtwWTdpWGxNd1pMbk1adWVRWlZJY3o4OGdVdmNCbHVQQnBtTWtmdWpybEo5dVRZOTI4SmpTclAyZXNZY2FsVnN5aUk0QkJyMThEcDctaVBFVC10OUszRGZaQVo5dTAwcjdhNXVxT1VXdw?oc=5,google_news
"Fri, 23 May 2025 14:52:00 GMT",Box Office: Mission Impossible Final Reckoning's $8.3 Million Previews - Variety,"<ol><li><a href=""https://news.google.com/rss/articles/CBMipgFBVV95cUxQTU9haXkwNWdhZC1mVlBZN3AtcXlseERfWDB4YUl0NGM5VXo2d1FWb0lmMVdyVVl3Q18ySHhjSVo0QnNM...",https://news.google.com/rss/articles/CBMipgFBVV95cUxQTU9haXkwNWdhZC1mVlBZN3AtcXlseERfWDB4YUl0NGM5VXo2d1FWb0lmMVdyVVl3Q18ySHhjSVo0QnNMc01xSWxOMi1sQkc4TGxOWnNzd3hDMGQzbTV4RXV1cEF6NENhaVBlUElwYjJFLVYyaDNjRUtzaEpsekJOQVFraW0zbHRzRHRIQ0w2ajJQWnQtMTYwWURFbXk5Q0ZiQmZ5VXRR?oc=5,google_news
"Fri, 23 May 2025 13:04:53 GMT",‘Today’ Co-Host Sheinelle Jones’ Husband Uche Ojeh Dies at 45 of Brain Cancer - The Hollywood Reporter,"<ol><li><a href=""https://news.google.com/rss/articles/CBMitAFBVV95cUxPYWhPbGhIc19TNndtSU1sa0dNZnhuRGNqNjdxdUV2d0lwdTc4ZjFWbmp1OXFfQTdoUnRIalBETi1oVVRX...",https://news.google.com/rss/articles/CBMitAFBVV95cUxPYWhPbGhIc19TNndtSU1sa0dNZnhuRGNqNjdxdUV2d0lwdTc4ZjFWbmp1OXFfQTdoUnRIalBETi1oVVRXV01rbXZOTnhVa2ttRmxCNUhsV3MtdVo0eDljNkExMTJXUjBJYVBzbWlYYTJ3cXlieGhsaUY1V2hVMS1BdHlHMDhpOEVySzZCVDd0TG5fbHJLNm9LRXc2Z0hxcDJCbDZJV3ZNRkdvWi11cmRPUElsZlk?oc=5,google_news
"Fri, 23 May 2025 05:02:00 GMT",Anthony Edwards’ fines now over $420K in 2024-25 NBA season - The New York Times,"<ol><li><a href=""https://news.google.com/rss/articles/CBMinwFBVV95cUxNT19kMnZoMFJhRXZPaTd5bFdTLUh6TkVBNl9KeENQazlpY1VVNHY0SHpKVUE1UFU0NHlBcGk0SGNKb1Z3...",https://news.google.com/rss/articles/CBMinwFBVV95cUxNT19kMnZoMFJhRXZPaTd5bFdTLUh6TkVBNl9KeENQazlpY1VVNHY0SHpKVUE1UFU0NHlBcGk0SGNKb1Z3T0hIclg3dDZ2am5XS2xhQ0prajZPMEJ1Z05XQ0cyYVNEZnZvbkRVMDBNXzQ3OFNYQXViRVBZMGxoRWdkZUpaX3ZyR2h6TGREUVJDMGU5WGhBYnhNbUx0aVlKSzQ?oc=5,google_news
"Fri, 23 May 2025 03:23:00 GMT",Pirates GM Ben Cherington bluntly addresses Paul Skenes trade ideas - New York Post,"<ol><li><a href=""https://news.google.com/rss/articles/CBMipAFBVV95cUxOdWFFUlNCNUtiTXdIaEd4Ym5xZkhPbkdKeVJtLTg3QXJodDBSX0JLRTgyRjRXNDZpZ29hU1h4SXExZUJm...",https://news.google.com/rss/articles/CBMipAFBVV95cUxOdWFFUlNCNUtiTXdIaEd4Ym5xZkhPbkdKeVJtLTg3QXJodDBSX0JLRTgyRjRXNDZpZ29hU1h4SXExZUJmWXZtVkFkX3Q1TnZIaWhxcTljWHllQVZkRDJPdjlMOVg4LWs0TXp1QWQwbU85R0YwRkc5ektyQ3phSzNIUVJwUHFGZGVoaWptSlR6UHpUQzVhSHl6RlpYcE9yTDdibGxEUw?oc=5,google_news
"Thu, 22 May 2025 16:34:00 GMT",Greatest shot of Tyrese Haliburton's life and best game of Aaron Nesmith's career stoke Pacers-Knicks rivalry - CBS Sports,"<ol><li><a href=""https://news.google.com/rss/articles/CBMi2wFBVV95cUxOeEVMc3hzV1dDOXZmLTZhLXp3YnpCTWxFSnVCN09saU9UZGpQTTI2QzVFeHF4UG5mb2V4VTVyNF9QckJf...",https://news.google.com/rss/articles/CBMi2wFBVV95cUxOeEVMc3hzV1dDOXZmLTZhLXp3YnpCTWxFSnVCN09saU9UZGpQTTI2QzVFeHF4UG5mb2V4VTVyNF9QckJfUHJBNDhicjJyYUVCZG4yYzBDNDE5SWFhQy11MU1lcWMwampiOUtHdDhHUGNwRHJnUDFCQ0ppZm9QX3dRVDdHTEJlZ0JERlNpQlNRMHZrMkdNQ0JJOWt3dXgxQnp0R3B6WGF4OXZSNmsxdFdGM1ZBck9SR3ZaOFRwVmx3VWpOU0pscGdFSTRoTWhZZ2ZXekphYlNybDFoSlU?oc=5,google_news
"Fri, 23 May 2025 13:00:00 GMT",Lake Como’s Serie A Rise Has Its Club Dreaming of Becoming a Sports Disneyland - Sports Illustrated,"<ol><li><a href=""https://news.google.com/rss/articles/CBMihwFBVV95cUxQcE14MXV3RkVxazZTRGNDOWxNSU5PR2lOSGxJR1RMeURMZWZZblFTeUZCX0F6WXRhUTBXbW9lZFJBTjZK...",https://news.google.com/rss/articles/CBMihwFBVV95cUxQcE14MXV3RkVxazZTRGNDOWxNSU5PR2lOSGxJR1RMeURMZWZZblFTeUZCX0F6WXRhUTBXbW9lZFJBTjZKVUUwQnpSUVIzNTJMNmJjYi05R3lJVXZMbVdYR2tWT0RWbDNkaVlhcnFaeUZId2tVMGdRWUxHdlJHcGJidDVadjl1dkU?oc=5,google_news
"Fri, 23 May 2025 13:32:04 GMT",New Studies Dismiss Signs of Life on Distant Planet - The New York Times,"<ol><li><a href=""https://news.google.com/rss/articles/CBMijgFBVV95cUxQdDZySXRUSl9Jd0FoNTluMWcwMDQ2WHZqOHROQlZOVVJic0syNlU2LTBjOGprNWxUMm1BNG9JMUpnaWdW...",https://news.google.com/rss/articles/CBMijgFBVV95cUxQdDZySXRUSl9Jd0FoNTluMWcwMDQ2WHZqOHROQlZOVVJic0syNlU2LTBjOGprNWxUMm1BNG9JMUpnaWdWNVc0UjJXSnBrYndjSkNJRlVkMkN5NXk5Q0xaMG9UMTR1ODJzRy1weVc3WGN6ZWtfcDU3bkppR1BTeHFTNEh3d0FmSnNVSUpNSFFR?oc=5,google_news
"Fri, 23 May 2025 13:55:12 GMT",Infrared-Seeing Contact Lenses Turn Humans into Night Visionaries - Neuroscience News,"<ol><li><a href=""https://news.google.com/rss/articles/CBMifkFVX3lxTE96ODM0aE4waG5kc0F3T2FkM1VnaklmWEZOd29DMlp5V2VSU052OGl3MG9kMG9uME9xMUsxbnVOUWt4UUFv...",https://news.google.com/rss/articles/CBMifkFVX3lxTE96ODM0aE4waG5kc0F3T2FkM1VnaklmWEZOd29DMlp5V2VSU052OGl3MG9kMG9uME9xMUsxbnVOUWt4UUFvdC0wck5nclB1OGY0blFoN2ZBN0w3U2RRV1c4eGVLbWhzcGx0VDJ6SG9XbDlKdVhWYkhWZ05vYlFKQQ?oc=5,google_news
"Fri, 23 May 2025 04:00:02 GMT",Mystery of 'very odd' elasmosaur finally solved: One of North America's most famous fossils identified as new species - Phys.org,"<ol><li><a href=""https://news.google.com/rss/articles/CBMie0FVX3lxTFBqQTJ0SDBEUHNUNTY2ZWVIVGdTMC1lUC1ZNDZzN1BsTGlXSlpfOWFjUWoyQXlUS3BkdENOcWNuelJlY09h...",https://news.google.com/rss/articles/CBMie0FVX3lxTFBqQTJ0SDBEUHNUNTY2ZWVIVGdTMC1lUC1ZNDZzN1BsTGlXSlpfOWFjUWoyQXlUS3BkdENOcWNuelJlY09ha1dzc0w4MXp3OFdYdzJDd0hhMUhNNHlpc1Rvdk1maTFWWGlScUNERFN3ZExYeEFnVTJUTmc2WdIBekFVX3lxTE1iTEd6RDZZeXZIRm1Dd3NlZS1VUW9US0JVQXk0XzdWOGtrTG9WSDZ5cWNrZ0hCeGVBdG9fSENobU1EaWt2eWh0LUVCand5ajFIdlFQUnp1OXQ1aGFoUFpSelBGdllIXzZ3aDhqSmZNcDA2aDV1NEkydzl3?oc=5,google_news
"Thu, 22 May 2025 04:04:16 GMT","Jupiter Was Twice Its Current Ginormous Size, Scientists Discover - ScienceAlert","<ol><li><a href=""https://news.google.com/rss/articles/CBMimAFBVV95cUxNb2VjTFM0QlpCbFVLdnBPNzJock9hcmhCLW5lek4zc0lrZHNCN1huSFRrWUQweVJEaDJzVTZXeWxqbkIw...",https://news.google.com/rss/articles/CBMimAFBVV95cUxNb2VjTFM0QlpCbFVLdnBPNzJock9hcmhCLW5lek4zc0lrZHNCN1huSFRrWUQweVJEaDJzVTZXeWxqbkIwQ1FGbDVfNlUtZDlvV05ZcXltRGZIYjNYS2ZxdXpjcDJFQVF0YUdoZjdDNDVsYUVqMFZoVTBJRjI5eHVTeTZxcXI5U2s4UmZyS01vSURHYnczcmpIbg?oc=5,google_news
"Fri, 23 May 2025 15:23:28 GMT",One Type of Mammogram Proves Better for Women With Dense Breasts - The New York Times,"<ol><li><a href=""https://news.google.com/rss/articles/CBMihAFBVV95cUxON1JIbXRsa1AxYmotRGFGMDNSZHoyWTZLVEp1SXRkamFDS3l3WVRYN0x6VU02SVV3ZllVd0lIM0hIdG0y...",https://news.google.com/rss/articles/CBMihAFBVV95cUxON1JIbXRsa1AxYmotRGFGMDNSZHoyWTZLVEp1SXRkamFDS3l3WVRYN0x6VU02SVV3ZllVd0lIM0hIdG0yaS1KQkFyLU5uRlNMbWpsZVBxckhFSzI2dFpzU3YzQUxtTkdhZ0VMUkFrLXZIWHlESHJIZ2d5NXgzM3VkWndXcnI?oc=5,google_news
"Thu, 22 May 2025 21:27:32 GMT",GLP-1 diabetes drugs like Ozempic may modestly reduce cancer risks - Reuters,"<ol><li><a href=""https://news.google.com/rss/articles/CBMi1AFBVV95cUxPSUozNERGaGZBLWRiWFJvb3dQTHRsZ2NHUWF3SVNuZUZiTHlsNUFyNk5jTnRwRmk3ODd4X2VQVmdlaVNE...",https://news.google.com/rss/articles/CBMi1AFBVV95cUxPSUozNERGaGZBLWRiWFJvb3dQTHRsZ2NHUWF3SVNuZUZiTHlsNUFyNk5jTnRwRmk3ODd4X2VQVmdlaVNELXZEVzhMZ0FPSVotYUFBN0hwLUpoelAxcWkza0o5M0tTSFZIUkRQU3M0eHViVnllaDc3X3A0SjRwSXpobFRYb2I2RXc2UG9BZFhzSzFib3BpZWZYSmJJMXMtSm1vY0pEYjN5eDdwQjBYeF9SaXhEQ05IMTN6d3l0UmFBa0dxeEY5TGJZN0gwY3ZLenZBNEdLcw?oc=5,google_news
"Thu, 22 May 2025 21:02:08 GMT","Cancer deaths tied to alcohol are rising fast, study finds - ABC News","<ol><li><a href=""https://news.google.com/rss/articles/CBMimwFBVV95cUxQQlctNnpOaU93N2t1dmY3ckE3RU9JNnZST3lQNEs2dGRoWTVuU2dwSWkyYm9obFFhdmQ4TjJJUW12MExl...",https://news.google.com/rss/articles/CBMimwFBVV95cUxQQlctNnpOaU93N2t1dmY3ckE3RU9JNnZST3lQNEs2dGRoWTVuU2dwSWkyYm9obFFhdmQ4TjJJUW12MExlOWFpS3lWcmNTM09GdDVZYy1LYmltR2NLd3duWG1QaVNnRDBpWGZWdnRQTlo5ekhBR2h4eUhHejFtQzdKS3diY1pQUDNGSjF1U2E2eTk5M3Y4bVNfbjFxRdIBoAFBVV95cUxOSUdUbkNYVmxMbEhCeFhaemo3cVBDOWl6Z0cxcFE5SFdLeDBQaWpsdldtWlRuSVR4cXMzVkdZcEZ4OWxEdUY1WDl2akxHTTF3X2ZQS2tnemgyMVh5cnhseVJsUU9kcnpmUzF2TGs0Znl2SFpnR1V4NXdxdmFQY29CeUh6b2xXQkN3NldjYVdjX05XQ19pWUo3WXJ6OWtYbWJX?oc=5,google_news
"Fri, 23 May 2025 15:26:08 GMT",Anchorage resident tests positive for measles as health officials warn of broader exposure - Anchorage Daily News,"<ol><li><a href=""https://news.google.com/rss/articles/CBMi3AFBVV95cUxPLVBXSXdnUWlaeFZ2WlVDQUNodDRNTGt6a2N1ZC1rb0lrUGM4N0xRbWFFV3RKeGF2dFhsOE4wcEs3M3c2...",https://news.google.com/rss/articles/CBMi3AFBVV95cUxPLVBXSXdnUWlaeFZ2WlVDQUNodDRNTGt6a2N1ZC1rb0lrUGM4N0xRbWFFV3RKeGF2dFhsOE4wcEs3M3c2QkF3VnJuMEVhMVUzY1JUNDVMdVVLcGpEblZFSzFyaV9nQ0JiWUJTSV9lNWlyVjk3dURDcDlzTkMta3lZeVJnUlVxbHJLQVpveE5aaGNNeTZacWNPSTNBenRxYmluTzhVNXhlTlRUWjFsNGFpTXc3Y0JUSGpnbzFYYnpiTFZUZXROVGdBeU12Q2hmOTdUMm9qVjZPVFUydTBQ?oc=5,google_news
"Sun, 25 May 2025 22:46:44 GMT",Trump Administration Live Updates: Latest News on the Trump Policy Bill - The New York Times,"<ol><li><a href=""https://news.google.com/rss/articles/CBMiY0FVX3lxTFBpRXpqSmhkbTVEX2hUWllKcVF1UFRJQXVhdF9EQklKOHZOc3lHb2JPUGtRQ0dGNEh6Tk9uRk9TSWdKREhv...",https://news.google.com/rss/articles/CBMiY0FVX3lxTFBpRXpqSmhkbTVEX2hUWllKcVF1UFRJQXVhdF9EQklKOHZOc3lHb2JPUGtRQ0dGNEh6Tk9uRk9TSWdKREhvUHM3eTN4T0NxNEtFTThhVWdFTUZuR0EyNHMyUkJBcw?oc=5,google_news
"Sun, 25 May 2025 23:09:00 GMT",Trump warns attempts to conquer all of Ukraine will lead to ‘downfall’ of Russia - The Guardian,"<ol><li><a href=""https://news.google.com/rss/articles/CBMiigFBVV95cUxPeUtxV0phUHpwcXdJa1pmei1tOUdtN2Q2MmZFLU93a1RLVG9ENU9DTHZBVktBVEVVMEZGV2dEY1BhSTZB...",https://news.google.com/rss/articles/CBMiigFBVV95cUxPeUtxV0phUHpwcXdJa1pmei1tOUdtN2Q2MmZFLU93a1RLVG9ENU9DTHZBVktBVEVVMEZGV2dEY1BhSTZBektMd01YajYwcE5EbkJpcVJHS1ppaGFRSjk0eThWY1QwVG5LaTkwLU9OaUc2cmFvOGZQUGRILXl2endVY3c2MFVWQko4ckE?oc=5,google_news
"Mon, 26 May 2025 01:03:29 GMT",Americans remember George Floyd on fifth anniversary of his death - BBC,"<ol><li><a href=""https://news.google.com/rss/articles/CBMiWkFVX3lxTE03YVdmV3dPdHFfQWtvS0FIei1aTHg2NUF5WG83VVJBT1pHX2NBTXlqMjIzd2dEUi0xZUZUbUtiOE9ZbGFY...",https://news.google.com/rss/articles/CBMiWkFVX3lxTE03YVdmV3dPdHFfQWtvS0FIei1aTHg2NUF5WG83VVJBT1pHX2NBTXlqMjIzd2dEUi0xZUZUbUtiOE9ZbGFYejFhelJTNHVZU0t3M3NVQlQ5M1Fld9IBX0FVX3lxTE4tbHJNcHBMVjRhMXVHdHEtdmU1VUhPSHVFNGpGQW9FYlFCci1IQVJlMWxhX2drWXVpdlJOdEJvd3NfLWNGZzkyUUxzYWtrN1RvS0ctazJ0ZmhzS0FmNFVz?oc=5,google_news
"Sun, 25 May 2025 16:19:30 GMT",Sen. Ron Johnson says there are 'enough' GOP senators to stall House budget bill - CNBC,"<ol><li><a href=""https://news.google.com/rss/articles/CBMihgFBVV95cUxNdFhXT094cEFJcXpJZFJzWjZJejlWM0N1WVFRYmROZUIzUkROZVcwRS1EMWtpQVRmQU9fbkszVmttNFNV...",https://news.google.com/rss/articles/CBMihgFBVV95cUxNdFhXT094cEFJcXpJZFJzWjZJejlWM0N1WVFRYmROZUIzUkROZVcwRS1EMWtpQVRmQU9fbkszVmttNFNVV3llZkJCYW81Q25mTEdLczZXWURjMnNEanUwazFlQXNfaHJuOGN2V2ZoRzdPNjBDUENuZEpkcml0Wm03dW1vRlQ4Z9IBiwFBVV95cUxNNVgwUnFON1NiOEt4TFk0YWVzb0NYX0YxdFUtdHpacnJwSUlCT1ZVVERNVnlTWXY5OV8xNXNTWUFrYmpHYU93VzY5dWFoYUJYSE1UT0pxcW53bGZ2bkZMNURsOTlpa3BhbEdLdWpHbGhnZlRPamw2RFc1b1RrSGhseXpMVHNGUHNUbFd3?oc=5,google_news
"Sun, 25 May 2025 18:45:44 GMT","Hannah Gutierrez, ‘Rust’ western movie armorer, released from prison - Los Angeles Times","<ol><li><a href=""https://news.google.com/rss/articles/CBMizgFBVV95cUxOdHpqV2F6T0VPeFppYXBrV21LU2tVS2pKZmFKMkp2aGxCUldrRTYxSDExX2VsdV9hdTFPUHBTNUZMTGZ4...",https://news.google.com/rss/articles/CBMizgFBVV95cUxOdHpqV2F6T0VPeFppYXBrV21LU2tVS2pKZmFKMkp2aGxCUldrRTYxSDExX2VsdV9hdTFPUHBTNUZMTGZ4MkEwQkE4OEdFY0oyNW9Sc3RRNjl1S0V1bG1MZWh4Y0d4VklkM094MnpMMU5UOWRkRGczdy1ScERGb1h0RDF2bDdMazA2ZWpGZmdsbFBQeC1HaDk5d1EzMFhuSlprMk5MTWx3UjduT0hNZGtRUmJIdWxnX0ZIZE0xeGhteFdMZkw3a2Q2WXNReVhCQQ?oc=5,google_news
"Sun, 25 May 2025 22:06:32 GMT","'I am Roman,' Pope Leo says, as he becomes the bishop of Rome - NPR","<ol><li><a href=""https://news.google.com/rss/articles/CBMif0FVX3lxTE5jQi1NcEFQQ2MwVjhOMmtwVEh2WnVzaFA2QmppRHpuUFl5ejZZVGpieHNqbEdScXJpd2Y1RUtlZFJqWERh...",https://news.google.com/rss/articles/CBMif0FVX3lxTE5jQi1NcEFQQ2MwVjhOMmtwVEh2WnVzaFA2QmppRHpuUFl5ejZZVGpieHNqbEdScXJpd2Y1RUtlZFJqWERhOEtXVlQ3Yzh0d0ZTdC11OHVBMVJEM2JVMjRWRzZLZUtiMTdfVXc1YjVUbW5CRW5tVnVjRnRTT292MHM?oc=5,google_news
"Mon, 26 May 2025 00:39:26 GMT",German-American dual citizen charged with planning attack on US Embassy in Tel Aviv - ABC News,"<ol><li><a href=""https://news.google.com/rss/articles/CBMiqgFBVV95cUxNaXhGX19oZjcybWFZMXJpVUQyN1NsOFFfdHlnemNzRDA2RzROdnZ2RnUzZlY3T3pESnhRUTdTdUstREVa...",https://news.google.com/rss/articles/CBMiqgFBVV95cUxNaXhGX19oZjcybWFZMXJpVUQyN1NsOFFfdHlnemNzRDA2RzROdnZ2RnUzZlY3T3pESnhRUTdTdUstREVaSm9sS004RjFwQVU1U1B1dllBSmFGVVBia3UwbmZHN0xWbHFRQVNKVmxUczBZdDVSLTNFek4zeXdhMkNkZEUxVlpGQ1RyeGVXTDNnQ2NGSTdiN1h1LUhFMFA5MU4xbkJsRXAtZHFiQdIBrwFBVV95cUxORGg1NmxLVmxjb0tJZkxpeW04bDlUWG5QenpsaEFmWnhMY25NVGdPZVkxdzlpeXZUX0x5M180MW8wTEpGLXVRVVdYdlJzSHREdE9wOWVZc09mQzcyM3BLd3VTVS1RZGpWb0FRNS16RW5XcVlob2h4Ukc2X3cyc0VyblpydVMxTjVucTUtQzd2STU1bjJqNEtzbGJKb2pRZjVjTHFWV0VWalYxOUk0Qk5r?oc=5,google_news
"Sun, 25 May 2025 23:44:00 GMT","Former Gateway police chief, serving murder sentence, escapes from Arkansas prison - KHBS","<ol><li><a href=""https://news.google.com/rss/articles/CBMivAFBVV95cUxPVVZ1bldQNDdTbFAzV1N1Mno0NlM2aTlXTFpMZ2NidzlwSDIzbFMzTlpDQkNHdl9aZGFyeWtBbl9tYjBU...",https://news.google.com/rss/articles/CBMivAFBVV95cUxPVVZ1bldQNDdTbFAzV1N1Mno0NlM2aTlXTFpMZ2NidzlwSDIzbFMzTlpDQkNHdl9aZGFyeWtBbl9tYjBUMEVVdVFQaE15aDV5UVdQcVhxcWJGa0E0X09GRkdzNk03MDFGWnNHbE9TOGRWODBHY2ZseS01ZERHckJsZUJkY3NZYmE4QzI5Nmx2TFhjcjRkQk4xZjlwakdESDZXVUlqOVJxWVBiTXVaTFJWMDI4RnBDekZtRFQxeQ?oc=5,google_news
"Sun, 25 May 2025 21:04:07 GMT",Jasmine Crockett: ‘It’s Time for Republicans to Question Trump’s Mental Acuity’ - Rolling Stone,"<ol><li><a href=""https://news.google.com/rss/articles/CBMiqAFBVV95cUxOdDVWSHJpVjZwSy1EQ3EtR0xMQ0Y5NTlNWUhrTW43TmhNaWJxT19Ub3VkbUpMWUlzRGFiX0NzVXI0QmU5...",https://news.google.com/rss/articles/CBMiqAFBVV95cUxOdDVWSHJpVjZwSy1EQ3EtR0xMQ0Y5NTlNWUhrTW43TmhNaWJxT19Ub3VkbUpMWUlzRGFiX0NzVXI0QmU5NHFhbFZta2pfRW1JVTJXcW02aDgtbno0WnZZMmwzcnB0Q0ZueklkSDVzOVIwZ3gzeDF1VU9iV0ttNkduTG9lZTdYUnlKUjJ4RVlOWF9yRE8yejFxR1BpbGhQTl9wS25CZFlYUms?oc=5,google_news
"Sun, 25 May 2025 20:53:58 GMT",Texas House passes Senate bill requiring display of the Ten Commandments in all public-school classrooms - Houston Public Media,"<ol><li><a href=""https://news.google.com/rss/articles/CBMihAJBVV95cUxPR1dBYWhBeHVxOWFEeUZwSERmOGFlNndQQ1dkaWMzNUdhVzdwclNaV0tCNl9BY1Zic1BGWVhwX1FxRkFI...",https://news.google.com/rss/articles/CBMihAJBVV95cUxPR1dBYWhBeHVxOWFEeUZwSERmOGFlNndQQ1dkaWMzNUdhVzdwclNaV0tCNl9BY1Zic1BGWVhwX1FxRkFIdlk2cHQwY08tT1hWS3RyWkc2OWdZbXlPTHdjMlY0WHQxZHFCdXNVd0Q2VVdFTjdaemxwbTB5X3ltbzJOYjdJYUI0d2stb1hNdi1vR3gwQVZjdUFHcDRGNHhRTW1leWE4dDBQZ0d0ZTg2eVJ1dDJlWWw5LUZfcXlTS0ctY0h4T2FPSlhLTUh2bjV1ZHM1RGc0cW5jWi1fUGNVUVhhQ0NZWUlIa0hVcGhWZnJBXy1BeVhRaVdqMXVCbWVsLTgzN2IzSNIBjAJBVV95cUxPSWM3RHpYcFRteGtwVEN5YnNKTXlrT1VRZHVyNEh2OGpsT2lub3FPRmJ2Qmt2S3BjUHdpem03TGpDSldjMVRKRGpnNWdqTnJqZVJscnB4RUF0TzZHQnAxcnExYlltc3p3Mll3d0xobGhGcjhEZVVKTkhySFBuMDlQY3ZhdlV6SURLaG1tcEhYeThERERzdlpxUVZLa3lUYThUeWdFcmh4bUhtNExJb0hYQkYydG1KdE9KdmFzQW4tcFU2UEV4anlBTUVtN1l6Z1BJTVh2S0s3ZFZ6djhwOWF5Ym14S3ViMlNyWnhBYVlFZFpubWNKRklreFpwQ3AtUloxdmh5d1diMC1GRi1H?oc=5,google_news
"Sun, 25 May 2025 21:19:49 GMT","Israeli Airstrike Kills Doctor’s Children, Gaza Officials Say - The New York Times","<ol><li><a href=""https://news.google.com/rss/articles/CBMijAFBVV95cUxQOW1XR0sxdUhFb1RZNUVEQ0dsazRZbXp0bTRWaU0xYUNNSXJyUW5Sbk4zOEltWEVZWS0zZ1FBX1Q5V2dK...",https://news.google.com/rss/articles/CBMijAFBVV95cUxQOW1XR0sxdUhFb1RZNUVEQ0dsazRZbXp0bTRWaU0xYUNNSXJyUW5Sbk4zOEltWEVZWS0zZ1FBX1Q5V2dKZWlyY01UbFBVR25OQllWbTIzMVI1Z2VSR3hvUW9ESlNWTzNoc2dPNWhTajBlWmNXZ1V3M1VmVmd2UkVYWmZKcjMxNXF3OHlQcg?oc=5,google_news
"Sun, 25 May 2025 16:56:00 GMT","US ‘silence’ encouraging Putin, says Zelensky, after Russia launches record air assault - CNN","<ol><li><a href=""https://news.google.com/rss/articles/CBMikAFBVV95cUxNV09pLUxFWmpXSW9KUzhVaEtCd1BkR2VabjJzeFFqaVVtcDMwZXN2Qmc0M196MXBiaEt4d2xuQTdtZG5U...",https://news.google.com/rss/articles/CBMikAFBVV95cUxNV09pLUxFWmpXSW9KUzhVaEtCd1BkR2VabjJzeFFqaVVtcDMwZXN2Qmc0M196MXBiaEt4d2xuQTdtZG5UaE9XVEgyZ2JkeWJ1YWp1T3B1V3BoYzNWTmJCRG1HS3liaERCRUlDVGgtQXpyVDZNX0p5RUlHTkxqMldXMmJBTEF1Qk5yVktRUUlBU1bSAZYBQVVfeXFMUEZoZ2M0T0pFcFNjWE5KLWlQVjMzLTdwM29QZEx2UDd6cEQ2OFA3d0haWXdsdnZSS1dnSlJNYjBzbU1xZ29PQURWWFdwVlJkZFpEQnZLZ3N5dFEya0tDRkx1bzVoek0tekpMOUdDYnVXclJYOGNodWZ1VDhwbzA0N1E0VmxxR0RyVGpWUHRsOG9sNThmYU1R?oc=5,google_news
"Sun, 25 May 2025 20:01:57 GMT","5 skiers found dead on mountain near Zermatt, Switzerland - USA Today","<ol><li><a href=""https://news.google.com/rss/articles/CBMingFBVV95cUxPdTBCZ3BPR1FpRzExXzRIeHR3Smw4NUVLTzVPRUE4RE1BUl9uY0RocHNkQUJ5Z0V6M2hYazF1WVlRYzQx...",https://news.google.com/rss/articles/CBMingFBVV95cUxPdTBCZ3BPR1FpRzExXzRIeHR3Smw4NUVLTzVPRUE4RE1BUl9uY0RocHNkQUJ5Z0V6M2hYazF1WVlRYzQxQzdWLTFVTjVDNGlWNjJtNkRrOHNBbFBoQ3d0MjBfSGkyZWJMR3Z0ek9UcjZNVFNUa01HNkNOVEdFSFhZTm1GNzl3ekVQdnNEYml2UkN4THRlNFdWbzJtenNDQQ?oc=5,google_news
"Sun, 25 May 2025 18:19:38 GMT",World Food Programme director calls food situation in Gaza ‘a catastrophe’ - Politico,"<ol><li><a href=""https://news.google.com/rss/articles/CBMimAFBVV95cUxOVHZ0VlRjbDVkR0dlajRzRldNcmMwRTc5ZzRRdGF3STBpNmJzNUJTNWlQMXEtV0xBTkhwMUZFUm52bVpn...",https://news.google.com/rss/articles/CBMimAFBVV95cUxOVHZ0VlRjbDVkR0dlajRzRldNcmMwRTc5ZzRRdGF3STBpNmJzNUJTNWlQMXEtV0xBTkhwMUZFUm52bVpnNVhZTTAwVy1TRlRZZ3ZUby1haHZEX2tmMmpzcjk5WFo3VW1pU2dxZEdnTWNNSE9zYmF1MHFxOHNlcjVZNVI3TFJQWDNGNWdZbzkzSjFyU2gyQUx6OQ?oc=5,google_news
"Sun, 25 May 2025 22:07:00 GMT",Federal Reserve Chair Jerome Powell says he didn't major in economics because he saw it as 'boring and useless' - Business Insider,"<ol><li><a href=""https://news.google.com/rss/articles/CBMinAFBVV95cUxONEUwVTFMWElqVzV1TC02YkdXbFRQdE5RV0t0S04zZVlhdzlJLU9KWTg0YzRfTjlXZFoxdHNvcFdSanRi...",https://news.google.com/rss/articles/CBMinAFBVV95cUxONEUwVTFMWElqVzV1TC02YkdXbFRQdE5RV0t0S04zZVlhdzlJLU9KWTg0YzRfTjlXZFoxdHNvcFdSanRicjFHVF9Od2xaS0RUTFRNUzM0Sk9SSWo1cWtmSUdGWnBndFB1cmRKcE9KeEVQeXFSLXRIaHl0M09XQ2lOMHZ0ZkJxZjRRWWh0WEVuc2FMY0tCYlFZZjFzOVQ?oc=5,google_news
"Sun, 25 May 2025 16:01:00 GMT",Long-Bond Revolt Pressures 60/40 Comeback in Chaotic 2025 Market - Bloomberg.com,"<ol><li><a href=""https://news.google.com/rss/articles/CBMitgFBVV95cUxOQjdNWXVMalRpbFhtOEZkS2ZvbnNwSnQ0YkwzV0hGS01SSFFYZ01iZGZueFl4bEZPZVNfLXpzXzVyVXZm...",https://news.google.com/rss/articles/CBMitgFBVV95cUxOQjdNWXVMalRpbFhtOEZkS2ZvbnNwSnQ0YkwzV0hGS01SSFFYZ01iZGZueFl4bEZPZVNfLXpzXzVyVXZmWW03eWFuNmhfOXFmdERuZV9sQlNRc0x4RExwYkFSdG54U2lmYUNoYTBmMXJDYnpKc056ZHoxRjJGTVBlTzJpN2dwOEZCTTI4R0FGNWJQWENiRHVfNnZQYXViZzNzMHhWMjN1RVo1THhpSzhoQXJMYWh6UQ?oc=5,google_news
"Sun, 25 May 2025 21:14:28 GMT","At Amazon, Some Coders Say Their Jobs Have Begun to Resemble Warehouse Work - The New York Times","<a href=""https://news.google.com/rss/articles/CBMic0FVX3lxTE1mbzM0OGVEVmd1V1diQ1plNzBfN0RxT0VxbGZCdk1CVFA5QlN1Rmhpa0ZaOC0tV2VXZDB0OUQ5Y1E5M2xUY2RYQVd5...",https://news.google.com/rss/articles/CBMic0FVX3lxTE1mbzM0OGVEVmd1V1diQ1plNzBfN0RxT0VxbGZCdk1CVFA5QlN1Rmhpa0ZaOC0tV2VXZDB0OUQ5Y1E5M2xUY2RYQVd5YXBSZlpDa2dlMXl3ODJubG42ODhPOG9Odm9PdlowaTZQVDJmemJzQ3M?oc=5,google_news
"Mon, 26 May 2025 01:26:00 GMT",CNBC Daily Open: Investors don't feel as threatened by Trump's tariffs - CNBC,"<ol><li><a href=""https://news.google.com/rss/articles/CBMipwFBVV95cUxQejlMbGxGbmlZUTk1VTFKTHVyLWNHclZJWGRoX0ViNXh0Y3JpSFpuWHE5NmxkQzhEZWxTTnNiWFRZZEYz...",https://news.google.com/rss/articles/CBMipwFBVV95cUxQejlMbGxGbmlZUTk1VTFKTHVyLWNHclZJWGRoX0ViNXh0Y3JpSFpuWHE5NmxkQzhEZWxTTnNiWFRZZEYzRC1jZnVLRlRfQWdPQ0tQYmV2WXh6RmFwLXR3NzY4WUFEMFpFa1ozNEVlbUVOM2Jqa0Z3d3FtMXVsTHBOeS1NX05USlJ2dkptVEJfeHVQM19ncGxIY3Q5bDJfdkR5c1FvT0Myc9IBrAFBVV95cUxNci1HeEQwQUhUQlVBS3VMM3JTemRXNXlXRjJpU0xEaEV5LVhRMW1jX29URUFERWplR3hRQjVaYXBWUGg0dFJ2VjV2bWpCdTIyeVAtblE5TEM5ZlJlMUtEWXBSc1k1dGdTeWVPR2pHQVBQejItdkR6NWpmWE9NRVRHZ25xRkgxdWdnT2hfT1pQSmJUS05KYU1rWS1yOVNhOExqS3lCZDRiZjJoZG4x?oc=5,google_news
"Sun, 25 May 2025 09:30:00 GMT","Everything from Google I/O 2025 you might've missed: Gemini, smart glasses, and more - ZDNET","<ol><li><a href=""https://news.google.com/rss/articles/CBMirwFBVV95cUxPTXB0Ml9PYXVUYnFDLWlHT01kTjRuZ1kzbWxjY3V6TXhTWkVtWWRocWZQejRzVWtHYjU5X3dMRnY0d0VV...",https://news.google.com/rss/articles/CBMirwFBVV95cUxPTXB0Ml9PYXVUYnFDLWlHT01kTjRuZ1kzbWxjY3V6TXhTWkVtWWRocWZQejRzVWtHYjU5X3dMRnY0d0VVaEVvenZOZ25ub1g5VS1VRUF1RFN4a0JiQkdGT0ZNRV9EYk5XOUxDV0t0SFFsN1FKQ1RiUWp1UkRZdHE1bkE1bnpCMUx6MmI0M1ljSUpBU2JGUG00MTJ6UGp4cTJ4V3A5UTdZMExXNk1HdU1z?oc=5,google_news
"Sat, 24 May 2025 07:00:00 GMT",Nab Up to 50% Off Top Headphones & Earbuds With These Memorial Day Sales - PCMag,"<ol><li><a href=""https://news.google.com/rss/articles/CBMifkFVX3lxTE0yRzhycktHWW5tREo2THVKVFRHcThqd0JVeXQ5UXZVMVowQWlNQ0kzTVVibFM4R3BfY1lZT3pVRlVXSklO...",https://news.google.com/rss/articles/CBMifkFVX3lxTE0yRzhycktHWW5tREo2THVKVFRHcThqd0JVeXQ5UXZVMVowQWlNQ0kzTVVibFM4R3BfY1lZT3pVRlVXSklOUlBuYmRtWlM5MFI3Q0h5bW5MRTdzQXByUUVEOUIzRktjUWJqd2dsTWZIdERVVzdGcEpHcjRtbHIyQQ?oc=5,google_news
"Sun, 25 May 2025 21:15:00 GMT","Pixel 10 and 10 Pro leak reveals possible colors, like blue, yellow, and green - 9to5Google","<ol><li><a href=""https://news.google.com/rss/articles/CBMia0FVX3lxTE8tOUpVX1l4UHZnRUpwVzdIV0RhRkhfd3pqZGpvTGF4R0ZBZEJ3Y1hqNHNCLUkxc0xCb2lXM1MxQjhKSWFl...",https://news.google.com/rss/articles/CBMia0FVX3lxTE8tOUpVX1l4UHZnRUpwVzdIV0RhRkhfd3pqZGpvTGF4R0ZBZEJ3Y1hqNHNCLUkxc0xCb2lXM1MxQjhKSWFlTktTUkowMEl4eTRDeE9JZVV0MVlpbGhqR1NZSWwyNW9xNnJwWTEw?oc=5,google_news
"Mon, 26 May 2025 01:20:00 GMT",Report: Google locks in Tensor chips at TSMC through ‘Pixel 14’ - 9to5Google,"<a href=""https://news.google.com/rss/articles/CBMiigFBVV95cUxNWVJVS1JHalRld0tJOGlxdHhlRDVzay00U01jMHBxYTZ0RFRiZjQyamp4VjA3UW02UjdHNHdudGdGQ3Qzb0pGN1dT...",https://news.google.com/rss/articles/CBMiigFBVV95cUxNWVJVS1JHalRld0tJOGlxdHhlRDVzay00U01jMHBxYTZ0RFRiZjQyamp4VjA3UW02UjdHNHdudGdGQ3Qzb0pGN1dTQ1JqUTZhekZUV2ZUeU9weEVmeHp6eFJuNlBGMTgtcVF6djFLSWdWVlROZWE5bHBrWU9NVVZyZVVaLUFDaUdKNlE?oc=5,google_news
"Mon, 26 May 2025 01:55:04 GMT",‘The Last of Us’ Season 2 Finale Recap: The Monster at the End - The New York Times,"<ol><li><a href=""https://news.google.com/rss/articles/CBMilwFBVV95cUxOa1JQc0lFbExmbFdBOG1NZGpYS0pQNWtRZk9NbGY3UWhXcFEzMzlQdUQxRUVDRTdWdmVkYWFWTVhSaVhQ...",https://news.google.com/rss/articles/CBMilwFBVV95cUxOa1JQc0lFbExmbFdBOG1NZGpYS0pQNWtRZk9NbGY3UWhXcFEzMzlQdUQxRUVDRTdWdmVkYWFWTVhSaVhQbEp1MmF2Y3kzMk53REpDd0pVX0hXMlltUmRtd21lbXluS0N6a1A3M3FNRlRTc1c1d0FXeFZELWhCc2hsbTVYOUhXVy1GWjAyYm1yNTk4bWxqQXJB?oc=5,google_news
"Mon, 26 May 2025 00:48:00 GMT","Phil Robertson, ‘Duck Dynasty’ Patriarch, Dies at 79 - Variety","<a href=""https://news.google.com/rss/articles/CBMigwFBVV95cUxOYWNGSHRWZ2ZLN1NITG04UlNyZkRrdE1QMmNZbkpkRXh6NlgxLUptLXZBdGNQeDVudlAwektvM1h3QldxZFlqWTlo...",https://news.google.com/rss/articles/CBMigwFBVV95cUxOYWNGSHRWZ2ZLN1NITG04UlNyZkRrdE1QMmNZbkpkRXh6NlgxLUptLXZBdGNQeDVudlAwektvM1h3QldxZFlqWTloQlhDRWhZcDdWWnJRNmFaajdvTHNyY21VZVN1ZWZmdGQtTXpITGFQV2R1SWtLREpiSVNqUnV6eWFiSQ?oc=5,google_news
"Sun, 25 May 2025 20:00:37 GMT",Iran summons French envoy in diplomatic row over 'insulting' Cannes remarks - BBC,"<ol><li><a href=""https://news.google.com/rss/articles/CBMiWkFVX3lxTE1RSS1wZXdKeXh6cUUzUUxSN0hiM0dGdk1lcFRrVGlkS205VkJWMWcyWVRoVmZ0TDluYzd3cGVZWWFRRDdW...",https://news.google.com/rss/articles/CBMiWkFVX3lxTE1RSS1wZXdKeXh6cUUzUUxSN0hiM0dGdk1lcFRrVGlkS205VkJWMWcyWVRoVmZ0TDluYzd3cGVZWWFRRDdWTm1uQzVsMWd0LUtrWEY2bXlLVm1xQdIBX0FVX3lxTE5YNnJOYkJtZFI4ZjZSdEJWLUdEdGJHYUV1TGtyc0dlVGFNOV9JUjhudndFQmlPbnRFNWt5YU9RUTEtM0M5QkFESFlETWllQm41NEZ6NTJXNUZQSXFyX1Nj?oc=5,google_news
"Sun, 25 May 2025 23:44:32 GMT",Demi Lovato Is Married—and Shares the Story Behind Her Vivienne Westwood Wedding Dress - Vogue,"<ol><li><a href=""https://news.google.com/rss/articles/CBMifkFVX3lxTE1RbVNwaFpTV0F2czhzeFhwNzg5OXp1bXVTekJFQTFSZE56Q29TRkdwcnBDRWpvaHNPWE43TnFVUlFVQ29x...",https://news.google.com/rss/articles/CBMifkFVX3lxTE1RbVNwaFpTV0F2czhzeFhwNzg5OXp1bXVTekJFQTFSZE56Q29TRkdwcnBDRWpvaHNPWE43TnFVUlFVQ29xWUNEYkZXMTk3TnE5ZzRrZUZKTl9qbDZyUGpVOHlyTUgzWHFwWl9Ba0hkZWNKNUlpcHhJUXRHQTRFUQ?oc=5,google_news
"Sun, 25 May 2025 23:14:00 GMT","Álex Palou wins Indianapolis 500, Kyle Larson’s quest for the ‘Double’ comes to an end after wreck - CNN","<ol><li><a href=""https://news.google.com/rss/articles/CBMigwFBVV95cUxPX3BISUFhM1JjRS1waHAtMzVNV0VqZFhMb2hDNjRWelVqS3ZDVjFTT2FmLVB4ckNQdm9Wei1GWGVyeXA5...",https://news.google.com/rss/articles/CBMigwFBVV95cUxPX3BISUFhM1JjRS1waHAtMzVNV0VqZFhMb2hDNjRWelVqS3ZDVjFTT2FmLVB4ckNQdm9Wei1GWGVyeXA5aS1FOXMxWHRKcTdGZ19TV1RJV1lQeTBLZ0ZPM3JuaUJnbWpKdG5KU2ItT2Q0SlI4SldLY01KYWNLTE4teWdjb9IBiAFBVV95cUxPSVFVVGdnR0ppUGx1WDJzZkMyOVRYSVFIS1BxN1Ixb2hIeFg4U2U1b3JWeTE1NWZKMlIzdWVCQ2p6VC11dUlid1BKSFpzWG9pN3lxTnRRaHN4VDFhRDJtRFZwcVBFS0tEeE8zOGU4cHZBUnlNYWNrSjFlU3pfbHRGZTFIUVZXZGxm?oc=5,google_news
"Sun, 25 May 2025 22:11:16 GMT",Rookie Terrence Shannon Jr. outscores MVP Shai Gilgeous-Alexander in Timberwolves' Game 3 blowout win - Star Tribune,"<ol><li><a href=""https://news.google.com/rss/articles/CBMirAFBVV95cUxOcGJ1dGVTYlRwSzdWaWNMdzlVRDRyODBkQkN1emw0X21TN3o0Qm9uVi1HUWp5SjZOYndCQVBuR0E4emJ6...",https://news.google.com/rss/articles/CBMirAFBVV95cUxOcGJ1dGVTYlRwSzdWaWNMdzlVRDRyODBkQkN1emw0X21TN3o0Qm9uVi1HUWp5SjZOYndCQVBuR0E4emJ6cVUteEVFc1dyVDVCazdSN0pFNEgxcXNOczNNMXB1Yl8yODUzRnkydXM3SFBsX3h0WF9TUjBNYjZIeXljODh0Mk1fT0gyU3FnOFJsNWJoSEE3cXc4VlE4aExZUV9uVEVtd2Zlckd3djJx?oc=5,google_news
"Sun, 25 May 2025 23:50:00 GMT","Where to watch Knicks vs. Pacers: TV channel, live stream for NBA playoffs, Game 3 prediction, time, odds - CBS Sports","<ol><li><a href=""https://news.google.com/rss/articles/CBMi0AFBVV95cUxPQmh1WERzZHJvMm5ZSHdmYTFXN096Y25TUTQ5UWFwLXlUY0ZXaUdFalZtTl9jNmxXWGdxanlVUEExNnJq...",https://news.google.com/rss/articles/CBMi0AFBVV95cUxPQmh1WERzZHJvMm5ZSHdmYTFXN096Y25TUTQ5UWFwLXlUY0ZXaUdFalZtTl9jNmxXWGdxanlVUEExNnJqcW5rd01KaEZhWGxVSHZjTlk3N05vSG8waHpEOS1sczJEZHpmVjM1TEFLbUk3NDB2M1cyaWUwVTZHSUtVNHhMemtjdkhENWs1Zmk2dEZuSjQ1VUp4WU5GeUhwSFV4T3hlOTdEQi0xMm1yYncybkEyQVIyLUkwYXVnN3gtTnhJeWVtUkVzbnR4Zlg2NmFz?oc=5,google_news
"Sun, 25 May 2025 21:10:40 GMT","2025 Charles Schwab Challenge leaderboard live updates: Golf scores, coverage in Round 4 at Colonial - CBS Sports","<ol><li><a href=""https://news.google.com/rss/articles/CBMi1wFBVV95cUxNcXRHc1NfWFBNWHBwZy00MEJEZTBXb2NZU0puQjRXM0EzRXlHX01XOGhUWV9BX0ZfUEN5ZXI4NWNheEE1...",https://news.google.com/rss/articles/CBMi1wFBVV95cUxNcXRHc1NfWFBNWHBwZy00MEJEZTBXb2NZU0puQjRXM0EzRXlHX01XOGhUWV9BX0ZfUEN5ZXI4NWNheEE1ekQwZVdvb0htV3NRcUtGTlZWQWc4MUZkNFJuWG9heVFDSnV1eFQwRTRLQzhKY28zWTlBcHIzTkIzMm5LQnh2ekxac2hSUzUzM28wQXNzLXBjcTlsQTRpN180cUhZaDljQmN5eW1Sd0JlazRKR0Vzb1dja3hCcmRuVTBSUXBTTlBUcV80ak9pZ2lFVUJYOVFGV210WdIB3AFBVV95cUxQQmpVUURhdXJBS3Q3dVMxUlRHXzFidm5RNElUS1RHeVRkMHkxOXJYSTdHTE1MMWtVZ1MzUEdyR21LWnNiLWViUFZ0Y3dITlE1OHg0R25JZy0xYkRpSXRFcEUtcVFqa1V0SkxLUTNkcV85NmpUdjBiWDNxXzhNZGV1STRvaFRLeGs5Q3FzbmR1QXlTN09vbGVtc1NycHVLYmN4NHRmbXZkSUJ2RjdLRV9oMHhHeDA5NUFrTkRMTXZOaEI4YVlmZVQ3N1ZRWjRwOGZlZ0ZSdjhRWnA4ZmJ0?oc=5,google_news
"Sun, 25 May 2025 20:51:00 GMT",What was that noise? SpaceX Dragon capsule rattles Los Angeles area with sonic boom - Los Angeles Times,"<ol><li><a href=""https://news.google.com/rss/articles/CBMikgFBVV95cUxPcFp1ZXQ1M0kxd1U5YnFDZWF4Rzd1cmE0cE5zdGNXeVJ3MjNDaC1rTUg2VEF4d21SWEZmbWlhSHpMSVo0...",https://news.google.com/rss/articles/CBMikgFBVV95cUxPcFp1ZXQ1M0kxd1U5YnFDZWF4Rzd1cmE0cE5zdGNXeVJ3MjNDaC1rTUg2VEF4d21SWEZmbWlhSHpMSVo0VnEwazNucjlVLWROcHRwRnJ1Y2tweWRVNjFMaXVNckg1MUZBT2E2V3FreXZRS3hqSWlYYlUwWkE5dXdXN0hkNHN3Rm5fcEQtUmxRMUdQUQ?oc=5,google_news
"Mon, 26 May 2025 00:38:27 GMT",The people who believe that AI might become conscious - BBC,"<ol><li><a href=""https://news.google.com/rss/articles/CBMiWkFVX3lxTE1hS1JyaWJ1d0tCd1JtNDVNcGJoRVdXTnI0Qnd2Yi1Wck5ZUnZBbDllN2xqZTZiMFNFMUZmYmlESnN0T0l0...",https://news.google.com/rss/articles/CBMiWkFVX3lxTE1hS1JyaWJ1d0tCd1JtNDVNcGJoRVdXTnI0Qnd2Yi1Wck5ZUnZBbDllN2xqZTZiMFNFMUZmYmlESnN0T0l0MjBlazZ6XzZtVFBTX0s4c25VWmIzQQ?oc=5,google_news
"Sun, 25 May 2025 16:25:55 GMT",Strauss' 'Blue Danube' waltz is launching into space to mark his 200th birthday - NBC News,"<a href=""https://news.google.com/rss/articles/CBMingFBVV95cUxORmhUaFZJTWpCYi1tSmEwbDVucWhycmx1bUM2TmV1Vmp2c0hxTU9SMVZROFh5ZEk4T2JMLXJ3X0Y0dmlzcFVacGFN...",https://news.google.com/rss/articles/CBMingFBVV95cUxORmhUaFZJTWpCYi1tSmEwbDVucWhycmx1bUM2TmV1Vmp2c0hxTU9SMVZROFh5ZEk4T2JMLXJ3X0Y0dmlzcFVacGFNUTNGU2tVUlZaMHZQYmhWVWc3R3JCS3ZNM0VNeFlMaFpFRlNSRG92NWZfbDkzbnlZWGUwcUQzUm9Kd2J6c1dqLUZDQXhuSThKS2hwUkh4R0diWGJzUdIBVkFVX3lxTFBTc2VzM0V0T0ZfQVRlSG9BZVJjUVNZRUluMDVCNmtVMS1ETzhXajY2T3l3LU9ZN0E2ajdHXzZCcEd3a3dscGlEZ3Iwd0lLQ3lvbkdoVDV3?oc=5,google_news
"Sun, 25 May 2025 17:35:00 GMT",Penguin Poop May Help Counteract Climate Change - Newser,"<ol><li><a href=""https://news.google.com/rss/articles/CBMilgFBVV95cUxNbXczSjRGSG51Sms2ckxteVFFUWNDZTM3czBjamEyTWctdVY3QTdjT3lyeDZPX1BzUWs3SUJQQkNCekhE...",https://news.google.com/rss/articles/CBMilgFBVV95cUxNbXczSjRGSG51Sms2ckxteVFFUWNDZTM3czBjamEyTWctdVY3QTdjT3lyeDZPX1BzUWs3SUJQQkNCekhER3BoTFdzck1RaEFJSTlDS3F0Si0wQi1EbkYxNExyZUJ3TW1icjVkQVdLUnpFM0tfZ0dqMVNybVMtUjNkUkNRcGFjbVRVcHNwbFVzTUtyV2pIbnc?oc=5,google_news
"Sun, 25 May 2025 13:00:00 GMT",Deadly fungal infection kills 1.7 million each year as dangerous strain reaches Europe - Daily Express US,"<ol><li><a href=""https://news.google.com/rss/articles/CBMitAFBVV95cUxNTW5wWFkzalJqNEtheVk2eXJDSUpBdTBOTjNqdTNFYXhMNnJ1cjNaWjVEbG45OTFHeUV4VU1Qc3A4dzRl...",https://news.google.com/rss/articles/CBMitAFBVV95cUxNTW5wWFkzalJqNEtheVk2eXJDSUpBdTBOTjNqdTNFYXhMNnJ1cjNaWjVEbG45OTFHeUV4VU1Qc3A4dzRlTDI2czdZYWp1d0oxWmZnMFhKZ2plWnROSFdQRnlFMU84ZmRZTnFoc2xaUW11elNkZ0hKcjQ2ajdMWkE1Y3FOdklIZ0FnX2FYUWVpVEV5Nmp5Z1dpUEpRNUJRMlNNdUlTbzRLYU5rRGV1X1lUdFhSMGXSAboBQVVfeXFMTWtDaUJUNnh3UDc5THhsSDk2Vzd2MC1lSFd3dkJnNERhaXpZQ3VTdGlyLXFLMFZPZF9kYmZhMlJ1bHU4MFAybElyeHBsN1o5VEhMS1UwaWkzZHRJR0FNQXJVQUFfbUpjSl9BTmRCaXYtSDVWMWtGdzZjU2lCYmdxOV9yd1R3SUNId2gwQVRyRG9xVnRsWUxQS0l1ZDNYSFY1eWtZX2lDM0JQN1pjZlE5YmdSdENEbklkeTFn?oc=5,google_news
"Sun, 25 May 2025 13:53:16 GMT",Chronic Stress Quietly Raises Your Stroke Risk - Neuroscience News,"<a href=""https://news.google.com/rss/articles/CBMiaEFVX3lxTE5JOUctNU9JOEJjN0k3TTQyVHh0Nmo0OVdCNW1PYV9vcm1TaDNrcE5fTnB6bUJRSXUzWllHSGpyanAxQXc4SHZFbWZ2...",https://news.google.com/rss/articles/CBMiaEFVX3lxTE5JOUctNU9JOEJjN0k3TTQyVHh0Nmo0OVdCNW1PYV9vcm1TaDNrcE5fTnB6bUJRSXUzWllHSGpyanAxQXc4SHZFbWZ2ZGRKUW5MR3h3aEt4YWpUTEtOQUpNQzVRVEJUUGc3?oc=5,google_news
"Sun, 25 May 2025 12:06:50 GMT","Doctors Dismiss Woman's 'Gut-Wrenching' Pain for Months. Then, She Loses an Organ in Emergency Surgery (Exclusive) - AOL.com","<a href=""https://news.google.com/rss/articles/CBMie0FVX3lxTE4xakk5ZDdGWXdrdE9yWjNhYnBkcHJpc1YyQV9FU0Z4OUNHNVpEVFludkdGQWxxZHBsYk9Ob1dtWmZzZHhqTTVieHkt...",https://news.google.com/rss/articles/CBMie0FVX3lxTE4xakk5ZDdGWXdrdE9yWjNhYnBkcHJpc1YyQV9FU0Z4OUNHNVpEVFludkdGQWxxZHBsYk9Ob1dtWmZzZHhqTTVieHktX0gtZGJhVjZqVFYxQnpkYWNTSllGVy1KQnh3ZVN4N3cyVkVqc19TT1U4ai1QZ1N3cw?oc=5,google_news
"Sat, 24 May 2025 08:00:00 GMT",Alert issued over dangerous new Covid strain - 'Mask up!' - Daily Express,"<ol><li><a href=""https://news.google.com/rss/articles/CBMihAFBVV95cUxNSjlTb3A2ZXRkUGRfRTFETGJ0MnZ6Q2tDY0x1MmZaZFBaNVZwMlNsRUVnVk5mUjhrOWxTRjdlbUlQb213...",https://news.google.com/rss/articles/CBMihAFBVV95cUxNSjlTb3A2ZXRkUGRfRTFETGJ0MnZ6Q2tDY0x1MmZaZFBaNVZwMlNsRUVnVk5mUjhrOWxTRjdlbUlQb213MVVjSGJ2MjVubjl1LVVOSkF6N3A0TXctYXZiUkVsbkMzaDZOamhybTFINEJEanRQVGxLMTR3cGVtaWx6bnhxMzDSAYoBQVVfeXFMTS00b0FqbnI0TTFrR1BSd09GM09GbDdHOEFOR183aC1MNWxBcTZUY2tZSXNFQTBydWZSN1RaQmlqcGVPVzhZZDVkSjBvMWo1cEtfZ0Uzd3BDNDU5cFdTYjZnQmxpTm5fNmdSbURYbUtYQlhpa0h4WkVhckdDejFLZ28zeHc4Y0c0Ylp3?oc=5,google_news
"Mon, 26 May 2025 16:23:43 GMT",Trump calls Putin 'absolutely crazy' following Russia's latest barrage on Ukraine - NPR,"<ol><li><a href=""https://news.google.com/rss/articles/CBMifkFVX3lxTE9PNzlKb3NxMUxBdjVhSE9jYWg5bkdsSHZyNHkxOEs2UEpkbVlNQkN6OVhvM3FrU3d3amZmc0djaE5sLTRR...",https://news.google.com/rss/articles/CBMifkFVX3lxTE9PNzlKb3NxMUxBdjVhSE9jYWg5bkdsSHZyNHkxOEs2UEpkbVlNQkN6OVhvM3FrU3d3amZmc0djaE5sLTRRLWxrOVBPSWFRWDRrM1B4Zzd3RUs2d0JHUTk5bFg5azY5VGJTa0Z5OHFhWGM4Y1lCNnBtRUZSZmFwUQ?oc=5,google_news
"Mon, 26 May 2025 23:06:21 GMT",Trump Praises Military Service and Personal Achievements in Arlington Memorial Day Speech - The New York Times,"<ol><li><a href=""https://news.google.com/rss/articles/CBMihwFBVV95cUxNTzlhaEFiSUxYS3VQM1V6VkVQMFQ0eUEzeXFkeUc4VXRyaGxzNFlBVWE2M21OdC03ZGhQaElFbGQ1Qmot...",https://news.google.com/rss/articles/CBMihwFBVV95cUxNTzlhaEFiSUxYS3VQM1V6VkVQMFQ0eUEzeXFkeUc4VXRyaGxzNFlBVWE2M21OdC03ZGhQaElFbGQ1QmotVnJxMHEwbklMVVc3N3dWS196TW9GM0txZUFwN2RoYVNtV3JaVlY3RkFjRm9QbkpKUi1ESnZJYWxiUkNRbjlyUF80cGc?oc=5,google_news
"Mon, 26 May 2025 19:38:00 GMT",Emmanuel Macron says video of wife pushing him shows them ‘joking around’ - The Guardian,"<ol><li><a href=""https://news.google.com/rss/articles/CBMiywFBVV95cUxNbjI1eUJ2STNxWjhnaTJaYkowcHVOeUdMSVhGRzVtdEhhT0hxTDFWODlvYkJfUjRxV3VIUDl2c0Nkamo1...",https://news.google.com/rss/articles/CBMiywFBVV95cUxNbjI1eUJ2STNxWjhnaTJaYkowcHVOeUdMSVhGRzVtdEhhT0hxTDFWODlvYkJfUjRxV3VIUDl2c0Nkamo1MFJxZnp1OUREMGdGUi12ckY4VmZncWJTZEVUajF4cDJ5RXRGV0VHNlhMc0FWUmpfRjF0MHJVWG13WFVLajVtazVmQnRnUjhmeld4eHpaUndVSXJjcXUtWWV1QzcyVG43LTRJWXQ2eTk3YXpvWmFfWGdjS1V3TFBMTFhEM1ZZck5wS0p6bWYxUQ?oc=5,google_news
"Tue, 27 May 2025 00:42:25 GMT",Deadly strikes hit Gaza as new aid group says it has begun distributing food - The Washington Post,"<ol><li><a href=""https://news.google.com/rss/articles/CBMilgFBVV95cUxNMXdTNldqal9YN21HeWw4eU1vX18tZ0duYkJIUGJCbU91aU4xd3ViS0xzbDZ2Ni1LbnFTWGVPX3JHQUh6...",https://news.google.com/rss/articles/CBMilgFBVV95cUxNMXdTNldqal9YN21HeWw4eU1vX18tZ0duYkJIUGJCbU91aU4xd3ViS0xzbDZ2Ni1LbnFTWGVPX3JHQUh6ZVY5U0E5LUE5OFAwTm1nalk4aG8wcHJfSmFWYTBfZEVvbWJGZWlzSWJXby01NE85UWZiZ2JJall4WFQ5UDNDLVNINnhKOE5ieEQxZlRGVlhGb2c?oc=5,google_news
"Tue, 27 May 2025 01:02:00 GMT",Authorities say they've captured three more of the 10 escapees who broke out of a New Orleans jail - Yahoo,"<ol><li><a href=""https://news.google.com/rss/articles/CBMihwFBVV95cUxPeG9OQVZqTHBJWkVEeTEwYlJpd3Fnckw0akU2ek92OUdsa3dMRlBmdDNCMm5ZaEYxR1B0OUl6X0VRdUVt...",https://news.google.com/rss/articles/CBMihwFBVV95cUxPeG9OQVZqTHBJWkVEeTEwYlJpd3Fnckw0akU2ek92OUdsa3dMRlBmdDNCMm5ZaEYxR1B0OUl6X0VRdUVtSTlyMUZvdVNNVzNIM2JvN0hiTzNwbFBJbFNmZU5TTUJXcGdac0J2Y0ZobEVsbUctV2xlNGZmN25GNHREUjI4MUdyVDg?oc=5,google_news
"Mon, 26 May 2025 15:18:00 GMT",Trump weighs taking $3 billion in frozen Harvard grants and giving the money to trade schools instead - Business Insider,"<ol><li><a href=""https://news.google.com/rss/articles/CBMilAFBVV95cUxQQThVTTlEOGlsOFAzSlZGeU8wU0RBbDd4NXZ4NGJ0VXY0aGNPb29UeFpXcVhJQVNOVjJ4ekI5aWQ1OUV5...",https://news.google.com/rss/articles/CBMilAFBVV95cUxQQThVTTlEOGlsOFAzSlZGeU8wU0RBbDd4NXZ4NGJ0VXY0aGNPb29UeFpXcVhJQVNOVjJ4ekI5aWQ1OUV5SFNEVTY2VVZmZmNaVTQtYUJBV3RMa3lpY283WEt0N3pPY1NhOWxzcDdKZWlkY05ic09sbTA5RlNGYzJDSzJ4eURzWXg1VnVfS1h6bEdlMTMx?oc=5,google_news
"Mon, 26 May 2025 23:35:49 GMT","Charles Rangel, powerful voice for Harlem in Congress, dies at 94 - The Washington Post","<ol><li><a href=""https://news.google.com/rss/articles/CBMikwFBVV95cUxPWFR2ZDFFeVZzMU9mNGk1aUNGZU8wRkFZNlhJdTRRME1jNV9CWDNqbXlEVDFqaDMzdm92ZE1jNFh0QlVB...",https://news.google.com/rss/articles/CBMikwFBVV95cUxPWFR2ZDFFeVZzMU9mNGk1aUNGZU8wRkFZNlhJdTRRME1jNV9CWDNqbXlEVDFqaDMzdm92ZE1jNFh0QlVBNDBVek9ad1Y3cUliQ3NFMGl3R01FUEhVT0Q2bWxKYWVDMHBfdXRFaHBob25ac3VCaEZGMnFQVTlqVkVremdCSXFrRWhkM2kzSUtXTWxaZkk?oc=5,google_news
"Mon, 26 May 2025 21:38:30 GMT","Top US, EU trade chiefs ‘in constant contact’ after Trump tariff reprieve - Politico","<ol><li><a href=""https://news.google.com/rss/articles/CBMijAFBVV95cUxPV192Tm1LLWVsU3YzN1NNemJ4azBneThZcjZCTHdZUlBEV0NPQmtsSmxXN1l1LVQzWnUyeW03SEV6SGR1...",https://news.google.com/rss/articles/CBMijAFBVV95cUxPV192Tm1LLWVsU3YzN1NNemJ4azBneThZcjZCTHdZUlBEV0NPQmtsSmxXN1l1LVQzWnUyeW03SEV6SGR1M2J6d3BmeWlkOXFacURMdTk3dDJwV0ZiLXI5MXFzelZZR1JmTy1ZaDI1dllMRENsRlA4b3Jfa3A3V0Zabk1OcFFBb1k0RFFfOA?oc=5,google_news
"Mon, 26 May 2025 13:52:44 GMT","Darnella Frazier, who recorded George Floyd’s murder by police, speaks out on fifth anniversary - Star Tribune","<ol><li><a href=""https://news.google.com/rss/articles/CBMixgFBVV95cUxNYTJ1dVVkWkh2OG9leGcybHI1dmY0WjBGZXJFUFY5aDAxazRoYU5EalhMRDFZR2FKdmptYWRTdlF3UDZx...",https://news.google.com/rss/articles/CBMixgFBVV95cUxNYTJ1dVVkWkh2OG9leGcybHI1dmY0WjBGZXJFUFY5aDAxazRoYU5EalhMRDFZR2FKdmptYWRTdlF3UDZxLTlNUUZQRmdMWG05RGF0NGFXRnhIZGxnM0hwekR2LVN6dnVKM1JOWVhrakt5X0RvdFRKNjdqaXBmMHpHUUFodktDNlpielpFYkIxTE1HY292RDRlSTJJMVlTZjNNZDU3Zk1Ma1YwUVZ5aExoMExjS2lrdjZBQk1Kd3ZjajBDRkxQQnc?oc=5,google_news
"Mon, 26 May 2025 21:26:00 GMT",Man shot and killed by Florida sheriff's deputies in confrontation after apparent alligator attack - CBS News,"<ol><li><a href=""https://news.google.com/rss/articles/CBMiiwFBVV95cUxQQWNTQVVTVzNfQXlHa3hEUFl3RE83bGlpaFZxTFA4dG1UYzdtd0Mxb21YM0s5Vmc0aUs3ZWpMYWMzV0sw...",https://news.google.com/rss/articles/CBMiiwFBVV95cUxQQWNTQVVTVzNfQXlHa3hEUFl3RE83bGlpaFZxTFA4dG1UYzdtd0Mxb21YM0s5Vmc0aUs3ZWpMYWMzV0swaWlkVC02TWtfSTQxbGItVEJvc05JRVB2SXFJTThzY2lvSHcyZjhtSi1tTVFWYUEzVFhDbkdGZVZ0czIzS2VGaGtOUXQxSXhr0gGQAUFVX3lxTE1WODJhSktfRTdQc1NyUklOYUhQOERmWktNaEJhMnR5bmFSbU1razhRbUF3T2NKd01wT3lRUnA2TzlaS0RUalpSUDdKN0VXa1k4LWpPR0pxT2xSblJwQnI1MTdSeTlrQUlKQ0Q0TFUtWHd6cXFrWTNLSXNOaVNrMGFHa1Fld0wxdHgxaXUyRUxGUg?oc=5,google_news
"Tue, 27 May 2025 01:30:00 GMT","Car ploughs into football fans at Liverpool parade, 27 in hospital - Al Jazeera","<ol><li><a href=""https://news.google.com/rss/articles/CBMirwFBVV95cUxOVm40OEhUa0c5RU5xVWg0S05ZMjFaY0x5bVVYWTVSVzJnRzkxMDhDZndhYmJXbk1MTG9IektYbzk1Rlc2...",https://news.google.com/rss/articles/CBMirwFBVV95cUxOVm40OEhUa0c5RU5xVWg0S05ZMjFaY0x5bVVYWTVSVzJnRzkxMDhDZndhYmJXbk1MTG9IektYbzk1Rlc2LXJmYUZ0dUVyN3Z4Z0pxRldZMWtCb1kyT2tMN0JYQ2pGQ25fVEpDVDlvdzd5T2k2US02cl9qWHN3LXN4MnI1am82NngyM3V4WGIxVDg0LUdFVlNLVFVFV0E2WmVSTmUzdVJ5X0x6MUxrdzg40gG0AUFVX3lxTFBncUlKbkVuVDRISHI2SGZnYmdET2Y3Z1c2TVp3dlRFRUNLbW96UVc0d2ttQVhaWjZWaGFLa19fLUx0UHVBVnZnQXhnZ3ZmbUNFb0hUZlk5c2JFUGk1MmxaUzBVZjF0dU5lclp0REZSZV8wMGFVZ0VDdkxhem9hZW5DdUpaSVR2WjF4dUlrbk51aTJQbDVVRmJBZk5lcTRSanB4dUw0MFBzX2R5U1dTek15Vktxeg?oc=5,google_news
"Mon, 26 May 2025 21:06:37 GMT","Palestinian official says Hamas agrees to Gaza proposal, Israel dismisses it - Reuters","<ol><li><a href=""https://news.google.com/rss/articles/CBMiuwFBVV95cUxNejkxZ0g3TUxrTDMwaEduZEtmOWJXSU03dmZvUVdYdmZrblBRck90c2hVNk8yZ1BMN1hsNzk5OVVkbnJj...",https://news.google.com/rss/articles/CBMiuwFBVV95cUxNejkxZ0g3TUxrTDMwaEduZEtmOWJXSU03dmZvUVdYdmZrblBRck90c2hVNk8yZ1BMN1hsNzk5OVVkbnJjSUp5WUVlSGhpMm1NT0JFbl9uQmNnWkFkbW9iUFkxU1ZQcU5mU3VEYzVRd29yeUlwQUZIQUw4WVRXdDhsMDAxX1lzR3gwdTJDX0pMbnA0VTdfcjhMTjVuS2w5NE1GMnhCejZmTnhDWmVWUmY2NHpNTVpkVFZuei1J?oc=5,google_news
"Mon, 26 May 2025 21:20:00 GMT","Ukraine says Russia launched its biggest drone attack yet, part of an escalating campaign - AP News","<ol><li><a href=""https://news.google.com/rss/articles/CBMimgFBVV95cUxNdE53aUxHRXIwZ21uSEI2TmFjYlhnMDZ4elhIblNaVFVtS0gtQlRMemxOVmJzWU9oXy1RMmtPS2tHOWJv...",https://news.google.com/rss/articles/CBMimgFBVV95cUxNdE53aUxHRXIwZ21uSEI2TmFjYlhnMDZ4elhIblNaVFVtS0gtQlRMemxOVmJzWU9oXy1RMmtPS2tHOWJvV1lObi1vX2RhOXQ1OXBEcWsxUXo4blk5bDNHQjhhRWFsejNKU0hXSG5lMUtVelhEbnNyamh5Y3NjSV9BQkJPTGNvQk5xdm50Zk9DckNoODBYXzR3RjJR?oc=5,google_news
"Mon, 26 May 2025 18:22:43 GMT",Far-right marchers attack Palestinians as Israel marks taking of Jerusalem - BBC,"<ol><li><a href=""https://news.google.com/rss/articles/CBMiWkFVX3lxTFBfd3BVZVk2bnBROFB0cmZKcjY1Z2hWQUtBemZ6N1RHRXh2b21OQTI5ZFMta3c4cG1EYW8tcTdfdm5YUG12...",https://news.google.com/rss/articles/CBMiWkFVX3lxTFBfd3BVZVk2bnBROFB0cmZKcjY1Z2hWQUtBemZ6N1RHRXh2b21OQTI5ZFMta3c4cG1EYW8tcTdfdm5YUG12S0lpR0NHanNNd2ttVl9hbmQ5ektoZ9IBX0FVX3lxTE1wbWl0ZmtLWmxXRm1jY3NBYmZySEJvTENMRjlRREQyWndPM0pSMnkydzIyU2sxZk9XTDR2N2lRb0tTR2VZWEV1bV9pSmdEdWhFUW9RckpHbVFuc0V4c2dB?oc=5,google_news
"Mon, 26 May 2025 23:41:00 GMT",Dow futures rise 400 points after Trump announces extension on EU tariff: Live updates - CNBC,"<ol><li><a href=""https://news.google.com/rss/articles/CBMid0FVX3lxTFBUZ20yNWZpSjNxWG9RZkNLM3RDQzhKUjNxT0dUXzdQUnRNck9OZGRQX0dnNWhDTEV4WTVXZU41eVZacV83...",https://news.google.com/rss/articles/CBMid0FVX3lxTFBUZ20yNWZpSjNxWG9RZkNLM3RDQzhKUjNxT0dUXzdQUnRNck9OZGRQX0dnNWhDTEV4WTVXZU41eVZacV83RFFEaEVKWkRfbUJnYUVlNHRtZVFNeW1zdDJUNU5wNDE2VjRUVUQtNmVGSHBGeEk4ZXhn0gF8QVVfeXFMTWFyd0VoRlNKeDVZd0RDc1V5QzF2M3RZX3dQTllPVkgyMEpZUFpTcjY1TERfcGU5NWowT2w2M1ItOVgtRFFFbkVfNGVxcHhJTWlRLXNyOWI2VzQwdkNnQ3FZRWdsMkJmSGhQMy1hMUs3MmZmZjFiM3hfUldDVg?oc=5,google_news
"Tue, 27 May 2025 00:12:00 GMT",Tesla Rival BYD Tumbles After Launching China EV Price War. Several Rivals Fire Back. - Investor's Business Daily,"<ol><li><a href=""https://news.google.com/rss/articles/CBMiiAFBVV95cUxOUFMwRUVidkV0TDR1SnFxenVBdEZYTUhoaUlGZ1ZraDVUa3NKX2NER1dQaTR1TXZhaTBHZXlwaFhYaXE5...",https://news.google.com/rss/articles/CBMiiAFBVV95cUxOUFMwRUVidkV0TDR1SnFxenVBdEZYTUhoaUlGZ1ZraDVUa3NKX2NER1dQaTR1TXZhaTBHZXlwaFhYaXE5SUVial8yVnJheGRjcUU1REpHMGVLdXU0dUJkTnZIdm96MS15bDJHbDVIMTUtSHZYMjBCQi1lN0t5NnBmNFVPTVFaZklh?oc=5,google_news
"Mon, 26 May 2025 16:35:06 GMT","Fake discounts on Shein 'breach law', EU says - BBC","<ol><li><a href=""https://news.google.com/rss/articles/CBMiWkFVX3lxTFBxcFlaa3JYWTJ0eEY3SXBXS1podGRWMG12YzMtWVROMFl4cjViMzlCZWZKbUp5NUFuUUI3UTZfV2lnZmRC...",https://news.google.com/rss/articles/CBMiWkFVX3lxTFBxcFlaa3JYWTJ0eEY3SXBXS1podGRWMG12YzMtWVROMFl4cjViMzlCZWZKbUp5NUFuUUI3UTZfV2lnZmRCYXQ3cDNFa3V2alVwek4wWGNJcjViZ9IBX0FVX3lxTFBxUzhFa0tGY3FOVXpScHA5cUNXcjYyRm9BN2NkdUxHVkIwTDM5cXcydU9Fb0hGVTJidE9YSFVvMEFNaTJyajRadVhDRHNPaUE5blFVN0lXU3BpUUFab3RF?oc=5,google_news
"Mon, 26 May 2025 17:39:20 GMT",These new Southwest Airlines policies go into effect this week - Chron,"<ol><li><a href=""https://news.google.com/rss/articles/CBMijAFBVV95cUxPVFFybVVWM2RKZ1lGbkZWdjdiWUZKa3RSTlprTk9pT1lLaV9GX1QxbTBXdUhsbk1xdldENE5pM21udkN0...",https://news.google.com/rss/articles/CBMijAFBVV95cUxPVFFybVVWM2RKZ1lGbkZWdjdiWUZKa3RSTlprTk9pT1lLaV9GX1QxbTBXdUhsbk1xdldENE5pM21udkN0SHc1Z3V1QXVwdi1PSWxMOEJ2dklaUWpvR3RxakxaWHJuX0IwYVhKdHZobndDdDVNTHlSc3F3c19wRC16Rm1UR19idE5sZURTcw?oc=5,google_news
"Mon, 26 May 2025 16:05:00 GMT",Google building audio-only mode for driving ahead of video apps on Android Auto - 9to5Google,"<ol><li><a href=""https://news.google.com/rss/articles/CBMiggFBVV95cUxOZXE1SEZBNG1Cd05SaVlrNTI0TlJxUVdWby1GdFBuR0RvV1VKZlVhdlVYdDhobmR4bDdMVmR6RFNJczB4...",https://news.google.com/rss/articles/CBMiggFBVV95cUxOZXE1SEZBNG1Cd05SaVlrNTI0TlJxUVdWby1GdFBuR0RvV1VKZlVhdlVYdDhobmR4bDdMVmR6RFNJczB4aFF2TmcwWUZtbV9zaVFvVHNxTHZNbWFnNkg5cjJKa091QmwwQVU3TUNpUE9GdHZ3bklSczFGV2o2NVhwRHln?oc=5,google_news
"Mon, 26 May 2025 14:18:48 GMT",Apple's Rumored Smart Home Hub Has Faced a Disappointing Setback - MacRumors,"<ol><li><a href=""https://news.google.com/rss/articles/CBMidEFVX3lxTE14S3ZHLXNGSy1tNWY2bU9PcW85VFd1QUdxUElXaDU1V255UGswSXRGbW5COVhOQXR5ZTltUzJWUUpfX3Ex...",https://news.google.com/rss/articles/CBMidEFVX3lxTE14S3ZHLXNGSy1tNWY2bU9PcW85VFd1QUdxUElXaDU1V255UGswSXRGbW5COVhOQXR5ZTltUzJWUUpfX3ExSi1MYjg1bkJhVEJPZGJoUEZKNXltdjFPdG9FT2JNRzg4aGFqeW5VT1V4RE1lSUdx?oc=5,google_news
"Mon, 26 May 2025 09:10:23 GMT","The best Memorial Day TV deals from TCL, Samsung, Sony: Get a 65-inch TV for $299 - Mashable","<ol><li><a href=""https://news.google.com/rss/articles/CBMidkFVX3lxTE9wRkUwWGhnZTNkZkNMNG5PRHl1Y0FuLTFkdGdtSmliR0JxUWJuVWVWMm04T25QaG9jeHkzMUlfTjgyZzFf...",https://news.google.com/rss/articles/CBMidkFVX3lxTE9wRkUwWGhnZTNkZkNMNG5PRHl1Y0FuLTFkdGdtSmliR0JxUWJuVWVWMm04T25QaG9jeHkzMUlfTjgyZzFfc1NrUVp1UF9TZ0tWQnlma2ZIbEhTdWdtUXpRNWpsRGloZUJnQnY2MDFtTy1pRTdISFE?oc=5,google_news
"Sun, 25 May 2025 12:00:00 GMT",Is the Galaxy S25 Edge Slimmer Than a Slice of Thin-Crust Pizza? - CNET,"<ol><li><a href=""https://news.google.com/rss/articles/CBMingFBVV95cUxPVHU4eVdtVlJCa2NiV09IQzRsblo1MUFvd3lBeXk5OTdQbElOTVVmUVVzM0c1cW8zNlRKb19ySl93S2dC...",https://news.google.com/rss/articles/CBMingFBVV95cUxPVHU4eVdtVlJCa2NiV09IQzRsblo1MUFvd3lBeXk5OTdQbElOTVVmUVVzM0c1cW8zNlRKb19ySl93S2dCcW9ZVWN3dGFlcm5JTTQwd2hRc1ZwVkk5bjN2LU5EUHVYb0lzWVFpYTI1ZF90MjZJaEhvOU9UZnpTcjBrb0o3bzlmcGhYZFJnVDR3Y0FfZXJROHNkeHZaaEF6dw?oc=5,google_news
"Mon, 26 May 2025 23:56:00 GMT",American Music Awards 2025: Complete Winners List (UPDATING LIVE) - Variety,"<ol><li><a href=""https://news.google.com/rss/articles/CBMikAFBVV95cUxPLVhISnhPSVRhYWJSaGc1WmdLcUp6bzBYRUlRQjhUMXE1SVBWdmlHOEZyZFJlREpGZ1dBaG1DRzAzRFRS...",https://news.google.com/rss/articles/CBMikAFBVV95cUxPLVhISnhPSVRhYWJSaGc1WmdLcUp6bzBYRUlRQjhUMXE1SVBWdmlHOEZyZFJlREpGZ1dBaG1DRzAzRFRSQ1hfdEpjY1FIWFJheFlYZlhLdDRDelFvSkdkWWo5WjdTNmpIM0FjRTdrVGczblhRM3JmT2N0aFVvekxhN2theW90MU55NVN0VG9LZnk?oc=5,google_news
"Mon, 26 May 2025 01:29:25 GMT","‘Lilo & Stitch,’ ‘Mission: Impossible’ power record-setting Memorial Day box office weekend - The Washington Post","<ol><li><a href=""https://news.google.com/rss/articles/CBMiswFBVV95cUxPM3UxbWJ5Zm55d2RYT0NEcjdwLUZLMzB3N2pnbHpSb3hoV0tJeldwaEd2d29nQ1g2SWNFNXpIYzEzd28t...",https://news.google.com/rss/articles/CBMiswFBVV95cUxPM3UxbWJ5Zm55d2RYT0NEcjdwLUZLMzB3N2pnbHpSb3hoV0tJeldwaEd2d29nQ1g2SWNFNXpIYzEzd28tZENnTjVOQkJSOTh5NlZ6dlFaYkFKQmVLR3VuNkpLTnA3Znp2OVlxZkdSWEZOOHJJLVVMRDAyUlJrOEl3TEN5SXNPakZHTGdfN2RTaUZPYi1rdWNtY0hfV080TzZ6ako1blV6U2hySVlEQjV2QWRTRQ?oc=5,google_news
"Mon, 26 May 2025 20:25:00 GMT",‘The Last Of Us’ Season 2 Finale Draws 3.7 Million Cross-Platform U.S. Viewers For HBO - Deadline,"<ol><li><a href=""https://news.google.com/rss/articles/CBMiiwFBVV95cUxOVFZXQlNQWllUa1V5TFZaM2hnU2ZPd0xjamYzTG1zQ1MtQzEzcTdGWWRwNXhIejk3UEFGOEdKcTZucTdu...",https://news.google.com/rss/articles/CBMiiwFBVV95cUxOVFZXQlNQWllUa1V5TFZaM2hnU2ZPd0xjamYzTG1zQ1MtQzEzcTdGWWRwNXhIejk3UEFGOEdKcTZucTduM21WTC1VT3pwUklwTXU0TmM2UlVLNE9KV3oyNjVTaXY2bmVfZ1FOenl2UlE2eVlzbnpYa25rOVdOeFlud0NNTWFEQTV3bHZR?oc=5,google_news
"Mon, 26 May 2025 20:24:00 GMT",‘Duck Dynasty’ star Sadie Robertson reveals Phil’s final words to her before his death at 79 - New York Post,"<ol><li><a href=""https://news.google.com/rss/articles/CBMizwFBVV95cUxNWlo0XzZhZlhiaFlxWjBwSHR2Z2gyWE5lQkpyUGF1WmpKWExkc05mVnlaaUxTVXBXSWg4cFZuN3hTOFZC...",https://news.google.com/rss/articles/CBMizwFBVV95cUxNWlo0XzZhZlhiaFlxWjBwSHR2Z2gyWE5lQkpyUGF1WmpKWExkc05mVnlaaUxTVXBXSWg4cFZuN3hTOFZCLUZsLUpRTFVqUXhGWjJVeS05V19vQzE4eGQ4RlZsSlZpR1JINkNsazNhc21kbEc1NnFVMWhWUXlfOTBiSnhGTU00bXNGMHhYNjdhRkhaVzR5ckFJZXIwRm1GOGhXN1BIeVlFUF9XLV91dG5oREVGeHdZRV9oQ0ZHdkdjU2ZBdG42c25fSHk2T1l2LUk?oc=5,google_news
"Mon, 26 May 2025 21:48:00 GMT",What Knicks surviving a Jalen Brunson dud means for the rest of Eastern Conference finals - New York Post,"<ol><li><a href=""https://news.google.com/rss/articles/CBMirAFBVV95cUxQNDZBWjFJaF9QQmpTTkZmandub095X3U4QnJJekU0cldjQjM3VVVHMW5fOTEtcDBzVDNmUjhJaGtpenQ5...",https://news.google.com/rss/articles/CBMirAFBVV95cUxQNDZBWjFJaF9QQmpTTkZmandub095X3U4QnJJekU0cldjQjM3VVVHMW5fOTEtcDBzVDNmUjhJaGtpenQ5czdmYzRvcllBekhwX0JaQW84Yzd5ZlpGVUxMMFlUMkk3bkh3SUpnM25XVnpLNHZNRTdIbERjc2RicW5OTUxLeVhPRXIxX19fYm9tMUxuMERzeGllZFdCNElMdkVrMkxCZ2xwWXBISmpk?oc=5,google_news
"Mon, 26 May 2025 23:53:16 GMT",Timberwolves vs. Thunder score: Shai Gilgeous-Alexander trying to give OKC commanding lead in West finals - CBS Sports,"<ol><li><a href=""https://news.google.com/rss/articles/CBMi3AFBVV95cUxPaVQ5aHg3M1prOF95YjFGRHJQeGZLUXhFZ3RXeVdEQjlQb1pmSjlJU0xJY0Y0NmQ3QmJ5aXNoNUt4MkFn...",https://news.google.com/rss/articles/CBMi3AFBVV95cUxPaVQ5aHg3M1prOF95YjFGRHJQeGZLUXhFZ3RXeVdEQjlQb1pmSjlJU0xJY0Y0NmQ3QmJ5aXNoNUt4MkFnaTZTajVqcU51M25lOUpwSERDR0ozTzVKS0ZCUEJUSmhfRUtKNm1ucXBld09qSUNBU0luVzF6Q1I1clpiRUViRFNUeGhSM2pRNWktOGtudEl5ajNKclp3eE50TVcwM2ZmOUxHeEpfMTQyVEk2OGlRa3FvOTV0SzRTYjFTM0VMclg1aDhMYjVhcnV5LVUtekxhOXNrdWpqeGt5?oc=5,google_news
"Mon, 26 May 2025 22:30:00 GMT",Which Fever players will see their production rise with Clark out? - ESPN,"<ol><li><a href=""https://news.google.com/rss/articles/CBMizwFBVV95cUxOM3FPTGcweUktX3VGV3dUS0o2a29XQW9pZ2lnMlhKaHpaNUdOTzNUNThSRjFHQ0Q4XzBrUXMxekFLcjUt...",https://news.google.com/rss/articles/CBMizwFBVV95cUxOM3FPTGcweUktX3VGV3dUS0o2a29XQW9pZ2lnMlhKaHpaNUdOTzNUNThSRjFHQ0Q4XzBrUXMxekFLcjUtZ0tfUVc4ZktGU0stY0hRNTYyY3BzX095ZUIxUl9NZDJfUGxSaDY0dHRZb1VQNEFyYnBzUUtMakMxMTNWYktuVDBEd3UwbkU4d3VsMjNRWU1RYUJUMGpReWV0WjJ1X1BLLW90SDAxYWhVM0d2OEktMWNTUmQ1VjZPZUxjUmRNcWVwa3dYelB0RWhIUnM?oc=5,google_news
"Mon, 26 May 2025 13:40:00 GMT",Lando Norris criticises media after major Monaco victory: 'It's all crap' - racingnews365.com,"<ol><li><a href=""https://news.google.com/rss/articles/CBMimwFBVV95cUxNd0R3VzRxVFVUTHRqVVQ2RW5RZ21HT3VIZkJYNVJpY3B1bENTR0JweGNUZFpHV0huVmFvTU9ORTBMRVox...",https://news.google.com/rss/articles/CBMimwFBVV95cUxNd0R3VzRxVFVUTHRqVVQ2RW5RZ21HT3VIZkJYNVJpY3B1bENTR0JweGNUZFpHV0huVmFvTU9ORTBMRVoxdXFCbnhOYk56bmp5SXZDc2NHNDFmZHFxX3pNRHpxWE1xaDdlaEhlOUNENk92b0gxWUlWakpWZml3UFoxVXQwWS1ud3NBeEh6VVF1TEs2WGJMVjBkNm8tSQ?oc=5,google_news
"Tue, 27 May 2025 00:41:22 GMT",Sonic Detectives Want to Help SpaceX Listen Up - The New York Times,"<a href=""https://news.google.com/rss/articles/CBMidkFVX3lxTE5jbDYzS3BSUWVwdVFabVNub0tUSHFfM1FQYkdZZ2gxRktmdEdOTUdNbTN5WUJhSmhyd0paZm9EVTRfSWQ5S19RLUpO...",https://news.google.com/rss/articles/CBMidkFVX3lxTE5jbDYzS3BSUWVwdVFabVNub0tUSHFfM1FQYkdZZ2gxRktmdEdOTUdNbTN5WUJhSmhyd0paZm9EVTRfSWQ5S19RLUpOOFl2ZVZtYVR1VGtIM3F4ODVjRkt3WmlIS2xyY05FSlFJdnFOUjlfM18yREE?oc=5,google_news
"Mon, 26 May 2025 15:38:38 GMT",Five-year study suggests chimpanzees strike stones against trees as form of communication - Phys.org,"<a href=""https://news.google.com/rss/articles/CBMihAFBVV95cUxOTlZ5QUpzTnZyTnRyb1lCWkdBYVZOOUtDMHZIZFhCTzhmT3dXd1oxb2YzdXE2enVZTFpNZFdCVFBDeEZzbVJzd3Zt...",https://news.google.com/rss/articles/CBMihAFBVV95cUxOTlZ5QUpzTnZyTnRyb1lCWkdBYVZOOUtDMHZIZFhCTzhmT3dXd1oxb2YzdXE2enVZTFpNZFdCVFBDeEZzbVJzd3ZteFdadHFEaWFMdmE0SnFGMHFONWtwUUNxWFEzY3A3a3ZZdnlVT3ZJSk82ZkhXRXBvU3VkMm9LZVZiSG_SAYMBQVVfeXFMTlNubExGbXlpR21hMThDRUVvcGpzVlJOSm4wZFJBWmdoSWxwc3gwcGdQdnBSZVNhZzlIRy1UYmVzcG9FVFlVSTNZRXFQQVFuSDk1UHZBZnFBVlJzc2Y3WVRxWV84cWp3MUZTUFdpUFU0a2NoTGpURnd6aGVTYXRkZ2NTZFE?oc=5,google_news
"Sun, 25 May 2025 23:30:44 GMT",That wasn’t a meteor: Returning SpaceX craft lights up Bay Area sky - KRON4,"<ol><li><a href=""https://news.google.com/rss/articles/CBMipAFBVV95cUxNUjlKM1VEcDlBYWpIWmJfVFhueFdYamdGRWc5MDI3eTZLU2dWTzJld1pzU2JYcGx5QmkzR2h4MjZEb0NG...",https://news.google.com/rss/articles/CBMipAFBVV95cUxNUjlKM1VEcDlBYWpIWmJfVFhueFdYamdGRWc5MDI3eTZLU2dWTzJld1pzU2JYcGx5QmkzR2h4MjZEb0NGdTVnMFdfQTlHalU3TzhDRTF6VEJzOGdjZjZLM1kxWGhCZ1ZkV1hWWkMyR0lLRzJJeERQMzJFaTRMSUxlakFrZjVrZnVPakIwQmJfVlpud1N1VUpKdmFOTXJzOVVWaE5uZ9IBqgFBVV95cUxNeUJfZkpMTEVYTGoxNzFoWXVLT1lZT2t4U1NEa29FMlBWaWw3SHhSYmxsOUxYcjBsa20zV1VjMnprbEdrSnRoQ0gzSnE5VURjM3N4OV9UTG9xVGl2eFRLU3JLampFeEdyZHd3ZGI2NUpQQ05wWDNGS1J6YVMzSXZqUlQ5RzdnNG43NGppb2s0V2FpVVFvRG82WXNMSUw4bW1IWXFtYTI4LXcwUQ?oc=5,google_news
"Mon, 26 May 2025 09:00:00 GMT",The European Space Agency will beam the famous 'Blue Danube' waltz into space - NPR,"<ol><li><a href=""https://news.google.com/rss/articles/CBMihwFBVV95cUxNUkdyUXMtYXBsX3MzLWdTX2h2dEc0OGx4eXZ5YUEwRllHNnNZZ1htUU9xQ05LU2pKZTBDcDFrMFlsQjJa...",https://news.google.com/rss/articles/CBMihwFBVV95cUxNUkdyUXMtYXBsX3MzLWdTX2h2dEc0OGx4eXZ5YUEwRllHNnNZZ1htUU9xQ05LU2pKZTBDcDFrMFlsQjJaSWxaUDJURlc2R3ZrWWF0dTdYX1NVRUF3MkI1YkR4M0lodi00NXprTnJkRGRXTUdiR3RXZ1VBSkVpSjRaWHdoQ2puc1E?oc=5,google_news
"Mon, 26 May 2025 00:42:36 GMT","New COVID-19 Variant NB.1.8.1 Causes Surge In China, Spreading In U.S. - Forbes","<ol><li><a href=""https://news.google.com/rss/articles/CBMitAFBVV95cUxOT0llc0hYQjJvT2hUYldDeGVYemtSZld4YjlYcDFPZjBweTl4NS1MbE5taWN4NXd6bXJMN1NwTkRsajJv...",https://news.google.com/rss/articles/CBMitAFBVV95cUxOT0llc0hYQjJvT2hUYldDeGVYemtSZld4YjlYcDFPZjBweTl4NS1MbE5taWN4NXd6bXJMN1NwTkRsajJvUGRha3pkYTZXLUdaamtKVi16em9laDNXRlh6NkRkVmdRek1Ndko4Z3p6TnpVRXYxVFcyYTc4MmRCMWhnU1VyU1diaGZKWlVJakJibHI1R29vaXNEZF8wai1qQ1dzRjJvMlNqb0JkYWJIdzVSR2k0N0U?oc=5,google_news
"Mon, 26 May 2025 22:15:45 GMT",What to know about the invasive tick that’s taking over local Pa. forests - WHYY,"<a href=""https://news.google.com/rss/articles/CBMieEFVX3lxTE0xaFZlY2NmX1hNZDZxVG8wd2tkdFJaTGtsZ0hjLVMzSENLWjBFaHRlQWx5RVYwcFdqYUZWU0p6NElHNDktTGVFQXFI...",https://news.google.com/rss/articles/CBMieEFVX3lxTE0xaFZlY2NmX1hNZDZxVG8wd2tkdFJaTGtsZ0hjLVMzSENLWjBFaHRlQWx5RVYwcFdqYUZWU0p6NElHNDktTGVFQXFIeXZDb042SDBtRnh2clNHNlVtc2ZuWC1Scm0wbGkxR296amhoMzZZbTVqdGFBdA?oc=5,google_news
"Mon, 26 May 2025 23:31:02 GMT","""People Don't Understand How Dangerous It Can Be"" — 19 Seemingly Safe But Actually Dangerous Things People Do All The Time - Yahoo","<a href=""https://news.google.com/rss/articles/CBMiigFBVV95cUxOM0JGY1B5Q0dtejd3bXh1a04zQ05ORzUwdlR3MUFlc01vdTNCZ0NscC1uUTA3dGxmTTAyZlJYbHdrVmotX1dpbnZR...",https://news.google.com/rss/articles/CBMiigFBVV95cUxOM0JGY1B5Q0dtejd3bXh1a04zQ05ORzUwdlR3MUFlc01vdTNCZ0NscC1uUTA3dGxmTTAyZlJYbHdrVmotX1dpbnZRM28tYzFYeDJJYlhSQ09EeEJCRWYtS3M1bXRDYjlkTHRTV19xclk5aTZ6WHl3a0NsN01URE04NUd2eG5WWi1jVkE?oc=5,google_news
"Sun, 25 May 2025 11:50:00 GMT","Vitamin D supplements slow telomere shortening, reducing biological aging - The Jerusalem Post","<ol><li><a href=""https://news.google.com/rss/articles/CBMimAFBVV95cUxQSXJVREJ6MGk5c3ZKcWRrT0thMjZwcFhRZUFtU2FhX2RhX3pVT216RjNBYU5nZUk3M0IxYnVNSkFVS19C...",https://news.google.com/rss/articles/CBMimAFBVV95cUxQSXJVREJ6MGk5c3ZKcWRrT0thMjZwcFhRZUFtU2FhX2RhX3pVT216RjNBYU5nZUk3M0IxYnVNSkFVS19CSDZsODJXUjAzWXh1SjdQUEp3R1loSEdFbGNmczRaVTFfcjVsMm4yX25OZGtpQ2RRdmR3UVctNTRFOWtTcElsYmxKYmlsc25TcENwMVRaZTM4UXlGeA?oc=5,google_news
2025-05-21T13:53:00Z,"George Wendt, actor who played Norm on ‘Cheers,’ dead at 76 - CNN","George Wendt, an actor and comedian who was beloved for his performance as Norm Peterson on the long-running comedy series “Cheers” has died, according to his publicist.",https://www.cnn.com/2025/05/20/entertainment/george-wendt-death,newsapi
2025-05-21T13:50:38Z,Retailers feel pressure to eat the price increases from tariffs - NPR,"From Target to Walmart, retailers are fighting two battles at once: a financial battle to keep costs low in the face of new tariffs, and a political one to avoid the president's wrath.",https://www.npr.org/2025/05/21/nx-s1-5405407/trump-tariff-target-home-depot-walmart,newsapi
2025-05-21T13:50:15Z,Starmer announces U-turn on winter fuel payment cuts - BBC,The prime minister said the government would re-examine eligibilty for the pension top-up payment.,https://www.bbc.com/news/articles/c93yy2x40e0o,newsapi
2025-05-21T13:47:00Z,Lions pull proposal to change NFL playoff seeding - ESPN,The Lions have withdrawn their rule proposal that would have seeded the playoffs by record and not guaranteed division winners a home game.,https://www.espn.com/nfl/story/_/id/45252578/lions-withdraw-proposal-change-nfl-playoff-seeding,newsapi
2025-05-21T13:01:00Z,Dow futures drop 300 points as bond yields move higher: Live updates - CNBC,The three major indexes are coming off a negative session.,https://www.cnbc.com/2025/05/20/stock-market-today-live-updates.html,newsapi
2025-05-21T12:56:25Z,"Sean 'Diddy' Combs trial takeaways: Cassie Ventura’s mother, a former assistant and a male escort named 'the Punisher' testify in sex trafficking case - Yahoo","The 55-year-old hip-hop mogul has been charged by federal prosecutors with sex trafficking, racketeering conspiracy and transportation to engage in...",https://www.yahoo.com/news/sean-diddy-combs-trial-takeaways-cassie-venturas-mother-a-former-assistant-and-a-male-escort-named-the-punisher-testify-in-sex-trafficking-case-191615644.html,newsapi
2025-05-21T12:49:11Z,"Target CEO says tariffs risk 'massive' costs, but price hikes a 'last resort' - ABC News",,https://abcnews.go.com/Business/target-ceo-tariffs-risk-massive-costs-price-hikes/story?id\\u003d122024999,newsapi
2025-05-21T12:32:00Z,Democratic Rep. Gerry Connolly dies at 75 - CBS News,Rep. Gerry Connolly announced last month that his cancer had returned.,https://www.cbsnews.com/news/gerry-connolly-dead-age-75-virginia-democrat/,newsapi
2025-05-21T12:23:00Z,Owners vote to allow NFL players to participate in flag football competition at 2028 LA Olympics - CNN,NFL owners voted on Tuesday to allow players in the league to participate in the flag football competition at the upcoming 2028 Olympic Games in Los Angeles.,https://www.cnn.com/2025/05/20/sport/nfl-players-olympic-flag-football-spt,newsapi
2025-05-21T12:00:00Z,The pursuit of better drugs through orbital space crystals - The Verge,"Sierra Space is getting ready to launch its reusable space plane, Dream Chaser, carrying a module to grow crystals for experimental drug research.",https://www.theverge.com/space/670339/sierra-space-crystals-merck-dream-chaser-drugs,newsapi
2025-05-21T11:49:17Z,AMD takes aim at Intel with new 96-core Threadripper 9000 series CPU - The Verge,AMD is launching new Zen 5-powered Threadripper CPUs. The Threadripper 9000 series are designed to compete with Intel’s Xeon chips.,https://www.theverge.com/news/671490/amd-threadripper-9000-series-cpus-release-date,newsapi
2025-05-21T11:44:00Z,"US must keep control of migrants sent to South Sudan in case removals were unlawful, judge rules - AP News",A federal judge ruled late Tuesday that U.S. officials must retain custody and control of migrants apparently removed to South Sudan in case he orders their removals were unlawful. U.S. District Judge Brian E. Murphy in Massachusetts ordered an emergency hear…,https://apnews.com/article/deportation-immigration-south-sudan-department-of-homeland-security-300e8c704402e2cb3c920d251b7fa876,newsapi
2025-05-21T11:28:00Z,Pope Leo XIV calls for aid to reach Gaza and an end to hostilities in his first general audience - AP News,"Pope Leo XIV has called for humanitarian aid to reach the Gaza Strip and for an end to the “heartbreaking” toll on its people. The appeal came as Leo presided over his first general audience in St. Peter’s Square on Wednesday. The Vatican said that around 40,…",https://apnews.com/article/vatican-pope-leo-gaza-aid-c5b3cf3e4c201c72a9e0f3c1ddf61c01,newsapi
2025-05-21T10:00:00Z,"Trump’s ‘big, beautiful bill’ could force NY businesses to shell out billions more in taxes — here’s why - New York Post","Tucked away in Trump’s 1,100-page “big, beautiful bill” for federal tax cuts is a one-sentence proposal to curtail workarounds to the SALT cap that took the form of pass-through e…",https://nypost.com/2025/05/21/business/trumps-big-beautiful-bill-could-force-ny-businesses-to-shell-out-billions-more-in-taxes/,newsapi
2025-05-21T09:55:00Z,Why South Africa’s president could be walking into an Oval Office ‘buzzsaw’ - Politico,Cyril Ramaphosa wants to talk trade. But President Trump remains fixated on his country’s racial politics.,https://www.politico.com/news/2025/05/21/why-south-africas-president-could-be-walking-into-an-oval-office-buzzsaw-00361128,newsapi
2025-05-21T09:23:34Z,Russia’s Putin visits Kursk as Ukraine says six killed in missile strike - Al Jazeera,Putin’s visit is the first to the region since Russia claimed its forces had ejected Ukrainian troops in late April.,https://www.aljazeera.com/news/2025/5/21/russias-putin-visits-kursk-as-ukraine-says-six-killed-in-missile-strike,newsapi
2025-05-21T09:00:00Z,House GOP lawmakers are proposing nearly $1 trillion in cuts to Medicaid and food stamps. Here’s who could be impacted - CNN,"House Republicans are pushing to slash at least $1 trillion from two of the nation’s bedrock safety net programs, Medicaid and food stamps, as part of their sweeping package aimed at enacting President Donald Trump’s agenda. If the legislation is approved, mi…",https://www.cnn.com/2025/05/21/politics/medicaid-food-stamps-gop-proposed-cuts,newsapi
2025-05-21T08:31:30Z,Twice the Size and 50x the Power: Jupiter’s Primordial Past Revealed - SciTechDaily,"Jupiter wasn’t always the planet we know today—it was once twice as big, had a magnetic field 50 times stronger, and its early might shaped the very architecture of our solar system. Using the orbits of two tiny inner moons, scientists have reverse-engineered…",https://scitechdaily.com/?p=476212,newsapi
2025-05-21T08:01:00Z,Tourists scramble as 600-year-old Chinese tower partially collapses - CNN,Visitors to a centuries-old tourist site in eastern China were sent scrambling after hundreds of roof tiles came loose and cascaded more than two stories to the ground.,https://www.cnn.com/2025/05/21/travel/china-fengyang-drum-tower-tile-falling-intl-hnk,newsapi
2025-05-21T05:01:56Z,SpaceX launches 23 Starlink satellites to orbit on brand-new Falcon 9 rocket after abort (photos) - Space,Liftoff occurred at 11:19 p.m. ET on Tuesday (May 20).,https://www.space.com/space-exploration/launches-spacecraft/spacex-launches-23-starlink-satellites-to-orbit-on-brand-new-falcon-9-rocket-after-abort-photos,newsapi
2025-05-21T04:36:06Z,Fortnite back on US Apple app store after ban lifted - BBC,It was removed in 2020 for violating Apple's policies by launching its own in-app payment system.,https://www.bbc.com/news/articles/c0711mrl470o,newsapi
2025-05-21T03:56:15Z,Google Unveils Android XR Glasses with Gemini AI Integration - Decrypt,"Google’s demo of the Android XR showed off features including livestreaming, photo capture, and Google Maps virtual display.",https://decrypt.co/321236/google-unveils-android-xr-glasses-gemini-ai-integration,newsapi
2025-05-21T03:45:41Z,"""Lawfare"": Andrew Cuomo rep takes aim at Trump amid reports he's under DOJ investigation - Axios","It's ""election interference plain and simple — something President Trump"" said he's against, the rep said.",https://www.axios.com/2025/05/21/andrew-cuomo-doj-investigation-nyc-mayoral-race,newsapi
2025-05-21T02:59:00Z,‘The Voice’ Season 27 Winner Crowned On NBC - Deadline,"Jadyn Cree, Adam David, Lucía Flores-Wiseman, Jaelen Johnson, and Renzo made it to the Season 27 finale of 'The Voice' and one was crowned the winner.",http://deadline.com/2025/05/the-voice-season-27-winner-nbc-1236406827/,newsapi
2025-05-21T02:31:46Z,Alarming Sea Level Rise Expected Even With 1.5°C Warming Limit - ScienceAlert,"Rising seas will severely test humanity's resilience in the second half of the 21st century and beyond, even if nations defy the odds and cap global warming at the ambitious 1.5 degrees Celsius target, researchers said Tuesday.",https://www.sciencealert.com/alarming-sea-level-rise-expected-even-with-1-5c-warming-limit,newsapi
2025-05-21T01:03:00Z,Elon Musk sends strong message to Tesla stock investors - TheStreet,Musk assuaged investor fears at the Qatar Economic Forum on Tuesday.,https://www.thestreet.com/automotive/elon-musk-sends-strong-message-to-tesla-stock-investors,newsapi
2025-05-21T00:32:44Z,The surprising link between that 'plastic spoon' of microplastics in your brain and what you eat - Fortune,Here's what the latest research says.,https://fortune.com/well/2025/05/20/the-plastic-spoon-of-microplastics-in-your-brain-could-stem-from-these-foods-that-are-wrecking-your-health-researchers-say/,newsapi
2025-05-20T23:21:15Z,Measles warning issued following Shakira concert at MetLife - New York Daily News,Shakira fans who attended the singer’s Thursday show at MetLife Stadium are being warned by health officials that at least one concertgoer had the measles.,https://www.nydailynews.com/2025/05/20/shakira-concert-measles-warning-metlife-stadium/,newsapi
2025-05-20T22:28:46Z,49ers announce Brock Purdy’s five-year contract extension - NBC Sports,"Brock Purdy officially signed his five-year contract extension through the 2030 season, the team announced Tuesday.",https://www.nbcsports.com/nfl/profootballtalk/rumor-mill/news/49ers-announce-brock-purdys-five-year-contract-extension,newsapi
2025-05-20T16:20:00Z,‘Lilo & Stitch’ Review: ‘Ohana’ Means Familiar in a Disney Live-Action Redo That Barely Strays From Its Source - Variety,"Director Dean Fleischer Camp delivers the same laughs and heart as 2002's 'Lilo & Stitch,' though his leads were more appealing in animated form.",https://variety.com/2025/film/reviews/lilo-and-stitch-review-1236404657/,newsapi
2025-05-20T15:38:16Z,Here’s what actually shapes your prostate cancer risk - BBC Science Focus Magazine,Joe Biden’s diagnosis with aggressive prostate cancer has sparked a fresh wave of concern – and confusion. This is what the science really says,https://www.sciencefocus.com/news/prostate-cancer-risk,newsapi
2025-05-22T16:21:56Z,"'Multiple fatalities' on private plane that crashed into homes in San Diego, authorities say - BBC","Authorities in California say no-one was seriously injured in the residential area but there is ""more than one fatality"" among the plane passengers.",https://www.bbc.com/news/live/cj42ew5zy7et,newsapi
2025-05-22T16:11:45Z,5 key takeaways from the MAHA commission report - Axios,"The report blends mainstream ideas with controversial elements, including on childhood vaccines.",https://www.axios.com/2025/05/22/maha-commission-report-rfk,newsapi
2025-05-22T15:39:50Z,Judge blocks Trump administration from closing the Education Department - NPR,The federal judge also told the administration to reinstate department employees who lost their jobs during the reduction-in-force announced in March.,https://www.npr.org/2025/05/22/nx-s1-5407521/trump-education-department-layoffs-injunction,newsapi
2025-05-22T15:33:00Z,US Mint moves forward with plans to kill the penny - AP News,The U.S. Mint has made its final order of penny blanks and plans to stop producing the coin when those run out. That word comes from a Treasury Department official who wasn't authorized to discuss the matter publicly and spoke on condition of anonymity to pre…,https://apnews.com/article/us-mint-treasury-department-penny-end-production-daf6367d7e8d31d6783720d5d4667115,newsapi
2025-05-22T15:11:29Z,US Senate blocks California’s electric car mandate in historic vote - CalMatters,Today’s decision could upend California’s phaseout of gas-powered cars and its battle against air pollution. Some experts say Congress’ move is illegal and will trigger a legal battle.,https://calmatters.org/environment/2025/05/california-electric-car-mandate-senate-revoke-waiver/,newsapi
2025-05-22T15:11:27Z,Measles Alert In New Jersey After Infected Person Attends Sold-Out Shakira Show - HuffPost,"Anyone who attended the MetLife concert may have been exposed to the highly contagious virus, state health officials said.",https://www.huffpost.com/entry/measles-case-shakira-concert-new-jersey_n_682f2646e4b0ef574bf5dbff,newsapi
2025-05-22T15:00:20Z,Infrared contact lenses let you see in the dark - Ars Technica,"Mice and humans were able to detect infrared light, even with their eyes closed, with limited resolution.",https://arstechnica.com/science/2025/05/infrared-contact-lenses-let-you-see-in-the-dark/,newsapi
2025-05-22T14:51:00Z,What we know about the DC shooting where 2 staff members of the Israeli Embassy were killed - AP News,"Two staff members of the Israeli Embassy in Washington were fatally shot while leaving an event at a Jewish museum, and the suspect yelled, “Free, free Palestine” after he was arrested. That's according to Washington police and federal authorities. The attack…",https://apnews.com/article/israel-embassy-jewish-museum-shooting-9e77d16a88d634b0dde5b2455c96dddf,newsapi
2025-05-22T14:29:00Z,Supreme Court deadlock leaves in place ruling blocking nation’s first religious charter school - CNN,"The Supreme Court split evenly Thursday in a high-profile challenge over the nation’s first religious charter school, leaving in place a ruling from Oklahoma’s top court that found the proposed Catholic school unconstitutional.",https://www.cnn.com/2025/05/22/politics/supreme-court-st-isidore-oklahoma,newsapi
2025-05-22T14:21:57Z,"In 2022, Jim Irsay broke ranks on Dan Snyder - NBC Sports","Irsay stood up to Snyder, and won.",https://www.nbcsports.com/nfl/profootballtalk/rumor-mill/news/in-2022-jim-irsay-broke-ranks-on-dan-snyder,newsapi
2025-05-22T14:11:00Z,Exclusive | A Crypto Billionaire Who Feared Arrest in the U.S. Returns for Dinner With Trump - WSJ,,https://www.wsj.com/finance/currencies/justin-sun-trump-crypto-dinner-7efd5367,newsapi
2025-05-22T14:00:20Z,April home sales dropped to the slowest pace for that month since 2009 - CNBC,"Home sales in April dropped, as consumers faced high home prices and growing concern over the economy and employment.",https://www.cnbc.com/2025/05/22/april-home-sales-real-estate.html,newsapi
2025-05-22T13:34:00Z,The rise and fall of Sean ‘Diddy’ Combs: From boy wonder rap mogul to defendant in sex trafficking case - CNN,"From founding Bad Boy Records in 1993 to the release of his fifth studio album, “The Love Album: Off the Grid,” in 2023, Sean ‘Diddy’ Combs’ career has spanned decades. Then, accusations of sexual assault and violence came to light.",https://www.cnn.com/2025/05/22/entertainment/sean-diddy-combs-career-timeline,newsapi
2025-05-22T13:23:00Z,"Woman shot after failing to stop at CIA headquarters gate, sources say - CBS News","A woman was shot by CIA security after she failed to stop at a gate at the agency's headquarters in Virginia, sources say.",https://www.cbsnews.com/news/woman-shot-cia-headquarters-gate/,newsapi
2025-05-22T13:05:00Z,Shai Gilgeous-Alexander gets ‘so dramatic’ thanking wife in MVP speech - New York Post,The Oklahoma City Thunder star was overcome with emotion while addressing his wife during his victory speech for the 2024-25 NBA MVP award on Wednesday.,https://nypost.com/2025/05/22/sports/shai-gilgeous-alexander-gets-emotional-thanking-wife-in-mvp-speech/,newsapi
2025-05-22T12:53:28Z,"Trump-Ramaphosa meeting: White crosses shown by US president not graves, says man who erected them - BBC",The US president had said the crosses were evidence of attacks on white farmers in South Africa.,https://www.bbc.com/news/articles/ce81334je72o,newsapi
2025-05-22T12:00:00Z,I Hated Smart Glasses Until I Tried Google's Android XR. Now I See the Potential - CNET,Commentary: I had to see it to truly believe it.,https://www.cnet.com/tech/computing/i-hated-smart-glasses-until-i-tried-googles-android-xr-now-i-see-the-potential/,newsapi
2025-05-22T10:17:00Z,"Paul Mescal Says Movies Are ‘Moving Away’ From ‘Alpha’ Male Leads, Calls It ‘Lazy and Frustrating’ to Compare ‘History of Sound’ to ‘Brokeback Mountain’ - Variety",Paul Mescal reflected on masculinity in film and comparisons to 'Brokeback Mountain' during the Cannes press conference for 'The History of Sound.',https://variety.com/2025/film/festivals/paul-mescal-masculinity-brokeback-mountain-cannes-1236406568/,newsapi
2025-05-22T10:00:00Z,Mysterious Database of 184 Million Records Exposes Vast Array of Login Credentials - WIRED,"A trove of breached data, which has now been taken down, includes user logins for platforms including Apple, Google, and Meta. Among the exposed accounts are ones linked to dozens of governments.",https://www.wired.com/story/mysterious-database-logins-governments-social-media/,newsapi
2025-05-22T07:28:46Z,Signal’s new Windows update prevents the system from capturing screenshots of chats - TechCrunch,"Signal said today that it is updating its Windows app to prevent the system from capturing screenshots, thereby protecting the content that is on display.",https://techcrunch.com/2025/05/22/signals-new-windows-update-prevents-the-system-from-capturing-screenshots-of-chats/,newsapi
2025-05-22T01:59:00Z,FDA requires Covid vaccine makers to expand warning about risk of rare heart inflammation - CNN,The US Food and Drug Administration will now require Covid-19 vaccines from Pfizer/BioNTech and Moderna to use expanded warning labels with more information about the risk of a rare heart condition after vaccination.,https://www.cnn.com/2025/05/21/health/fda-covid-vaccine-warning-heart-inflammation,newsapi
2025-05-21T22:34:59Z,"The New, Farthest Galaxy has Been Found by Webb. Only 280 Million Years After the Big Bang - Universe Today","The JWST has done it again. The powerful space telescope has already revealed the presence of bright galaxies only several hundred million years after the Big Bang. Now, it's sensed light from a galaxy only 280 million years after the Big Bang, the most dista…",https://www.universetoday.com/articles/the-new-farthest-galaxy-has-been-found-by-webb-only-280-million-years-after-the-big-bang,newsapi
2025-05-21T22:13:34Z,"‘Buy After Google I/O,’ Says Morgan Stanley About Alphabet Stock - TipRanks","Alphabet (NASDAQ:GOOGL) stock has been under pressure in recent times, weighed down by mounting antitrust challenges and growing concerns that AI could erode its se...",https://www.tipranks.com/news/buy-after-google-i-o-says-morgan-stanley-about-alphabet-stock,newsapi
2025-05-21T18:42:14Z,"First FDA-cleared Alzheimer's blood test could make diagnoses faster, more accurate - NPR",The first Alzheimer's blood test cleared by the Food And Drug Administration is poised to change the way doctors diagnose and treat the disease.,https://www.npr.org/sections/shots-health-news/2025/05/21/nx-s1-5403736/first-fda-alzheimers-blood-test-cleared-diagnosis,newsapi
2025-05-21T15:23:15Z,Giant 'white streak' appears over multiple US states as Chinese rocket dumps experimental fuel in space - Live Science,"A recent launch of China's Zhuque-2E rocket triggered a giant white streak of light to appear above at least seven U.S. states after deploying six satellites into low-Earth orbit. The light show, which was visible in at least seven states, was the result of a…",https://www.livescience.com/space/space-exploration/giant-white-streak-appears-over-multiple-us-states-as-chinese-rocket-dumps-experimental-fuel-in-space,newsapi
2025-05-20T17:43:21Z,NASA Sets Coverage for 32nd SpaceX Resupply Mission Departure - NASA (.gov),"Filled with nearly 6,700 pounds of supplies, science investigations, equipment, and food, the spacecraft arrived at the space station on April 22 after",https://www.nasa.gov/news-release/nasa-sets-coverage-for-32nd-spacex-resupply-mission-departure/,newsapi
2025-05-25T01:57:00Z,WATCH: Liberty's Natasha Cloud strips Caitlin Clark in final seconds to secure thrilling win over Fever - CBS Sports,Clark couldn't get a shot off on the final possession thanks to Cloud's incredible defense,https://www.cbssports.com/wnba/news/watch-libertys-natasha-cloud-strips-caitlin-clark-in-final-seconds-to-secure-thrilling-win-over-fever/,newsapi
2025-05-25T00:35:44Z,"1 dead, 2 injured after sewage vessel explodes on Hudson River: FDNY - ABC News",,https://abcnews.go.com/US/1-dead-2-injured-after-sewage-vessel-explodes/story?id\\u003d122164799,newsapi
2025-05-24T22:29:05Z,Brin’s Mystery $700 Million Stock Gift Went to Philanthropies - Bloomberg.com,"Sergey Brin’s mystery gift this week of Alphabet Inc. shares valued at almost $700 million went to a trio of philanthropic organizations, according to a spokesperson for his family office.",https://www.bloomberg.com/news/articles/2025-05-24/brin-s-mystery-700-million-stock-gift-went-to-philanthropies,newsapi
2025-05-24T22:15:33Z,2nd case of measles confirmed in Virginia - WTOP,"A second case of measles has been confirmed in Virginia this year, health officials said on Friday.",https://wtop.com/virginia/2025/05/2nd-case-of-measles-has-been-confirmed-in-virginia/,newsapi
2025-05-24T21:31:16Z,Chrissy Teigen Reveals She Underwent a ‘Hairline Lowering Procedure’ After Photo of Her Bandaged Face Goes Viral - Yahoo News Canada,Chrissy Teigen revealed on her Instagram Stories on May 23 that she underwent a 'hairline lowering procedure' after she reportedly shared a video of herself with a bandaged face in a hospital bed earlier this week.,https://people.com/chrissy-teigen-underwent-hairline-lowering-procedure-11741496,newsapi
2025-05-24T21:26:32Z,Marjorie Taylor Greene: Teen Detained By ICE After Mistaken Arrest Would Be 'Thriving In Mexico' - HuffPost,"Ximena Arias-Cristobal, an undocumented 19-year-old who came to the U.S. when she was 4, has been released from ICE custody.",https://www.huffpost.com/entry/ximena-arias-cristobal-released-ice-mtg_n_68322292e4b0f2b0b14827f8,newsapi
2025-05-24T21:23:19Z,Iranian director Jafar Panahi's 'It Was Just An Accident' wins Palme d'Or at Cannes - NPR,The dissident filmmaker's thriller is a stinging critique of oppression in his home country.,https://www.npr.org/2025/05/24/nx-s1-5410502/jafar-panahi-it-was-just-an-accident-cannes,newsapi
2025-05-24T19:57:00Z,9 of a doctor’s 10 children are killed in Israel’s latest strikes in Gaza - AP News,Gaza's Health Ministry says the bodies of 79 people killed by Israeli strikes have been brought to hospitals in the past 24 hours. The toll doesn’t include hospitals in the battered north that the ministry says are now inaccessible. Nine of a doctor’s 10 chil…,https://apnews.com/article/gaza-israel-palestinians-war-news-8c3fe634bd81986249a235ad53a9044c,newsapi
2025-05-24T19:33:20Z,Russian strikes kill 13 and injure scores of civilians - BBC,At least 13 people were killed the the latest Russian aerial attack across Ukraine,https://www.bbc.com/news/articles/cy908n4vr0jo,newsapi
2025-05-24T19:01:45Z,Arsenal stun Barcelona to win the Women’s Champions League - Al Jazeera,Arsenal lift the UEFA Women’s Champions League with a 1-0 win that ended Barcelona’s hopes of a three-peat.,https://www.aljazeera.com/sports/2025/5/24/arsenal-stun-barcelona-to-win-the-womens-champions-league,newsapi
2025-05-24T17:57:38Z,Trump Greenlights US Steel Merger Despite Campaign Promise to Scrap Deal - Truthout,"""Our concern remains that Nippon, a foreign corporation with a long and proven track record of violating our trade laws, will further erode domestic steelmaking capacity and jeopardize thousands of good, union jobs.""",https://www.commondreams.org/news/trump-us-steel,newsapi
2025-05-24T17:17:05Z,Sophie Turner Praises Ex-Husband Joe Jonas’ New Album ‘Music for People Who Believe in Love’ - Just Jared,Read more,https://www.justjared.com/2025/05/24/sophie-turner-praises-ex-husband-joe-jonas-new-album-music-for-people-who-believe-in-love/,newsapi
2025-05-24T17:07:00Z,"NBA Odds for 5/24: Over/Under Picks, SGP for Thunder vs. Timberwolves Game 3 - Action Network",Three best bets for Timberwolves vs. Thunder Game 3. Check out three over/under picks and a +475 SGP.,https://www.actionnetwork.com/nba/nba-odds-5-24-over-under-picks-sgp-thunder-vs-timberwolves-game-3-qs,newsapi
2025-05-24T14:31:50Z,Twelve South’s slick 3-in-1 charging stand has dropped to a new low price - The Verge,The Twelve South HiRise 3 Deluxe is on sale for $79.99 — a new low price. You can also save on Sony’s ULT Field 3 speaker and the second-gen Apple Watch SE.,https://www.theverge.com/tech/673960/sony-ult-field-3-speaker-twelve-south-hirise-3-deluxe-charger-deal-sale,newsapi
2025-05-24T14:31:13Z,"Australia begins cleanup after floods kill 5, strand thousands - Al Jazeera","Hundreds of residents remain in evacuation centres, with 52 rescues made overnight despite conditions easing.",https://www.aljazeera.com/news/2025/5/24/australia-begins-clean-up-after-floods-kill-5-strand-thousands,newsapi
2025-05-24T14:24:09Z,Whiskers That Whisper: Mice Use Sound to Sense Their World - Neuroscience News,New research reveals that mice use not only touch but also sound to navigate their environments through whisking.,https://neurosciencenews.com/whiskers-sensory-neuroscience-29134/,newsapi
2025-05-24T12:30:00Z,I've Tested Over 80 TVs and This LG OLED Is the Best One Yet - CNET,Other companies better watch out: The LG G5 Series OLED just set a new standard for premium TVs.,https://www.cnet.com/tech/home-entertainment/ive-tested-over-80-tvs-and-this-lg-oled-is-the-best-one-yet/,newsapi
2025-05-24T12:00:00Z,"Trump's debunked 'burial site' video reopens 'wounds,' says victim's son - NPR","Trump's misleading video of a 'burial site' for white South African farmers reopened 'new wounds,' victim's son tells NPR.",https://www.npr.org/2025/05/24/nx-s1-5408981/trumps-debunked-burial-site-video-reopens-wounds-says-victims-son,newsapi
2025-05-24T10:00:00Z,"Louisiana inmates used hair trimmers in efforts to escape from New Orleans jail, source says - CNN","The 10 inmates who broke out of a New Orleans jail in a stunning overnight escape last week used electric hair trimmers with multiple clipper blades to help cut their way through the cell walls, a source with direct knowledge of the investigation told CNN.",https://www.cnn.com/2025/05/24/us/new-orleans-inmates-jail-escape,newsapi
2025-05-24T04:32:00Z,Nvidia GeForce RTX 5060 Laptop Performance Preview - Almost at the level of the RTX 5070 Laptop - Notebookcheck,Notebookcheck Performance Preview of the Nvidia GeForce RTX 5060 Laptop in the MSI Stealth A16.,https://www.notebookcheck.net/Nvidia-GeForce-RTX-5060-Laptop-Performance-Preview-Almost-at-the-level-of-the-RTX-5070-Laptop.1023497.0.html,newsapi
2025-05-23T23:42:23Z,"Backyard feeders changed the shape of hummingbird beaks, scientists say - NPR","A new study details the evolutionary change of Anna's Hummingbirds, finding their beaks have grown longer and more tapered to get the most from common feeders.",https://www.npr.org/2025/05/23/nx-s1-5409073/annas-hummingbird-backyard-feeders,newsapi
2025-05-23T23:39:02Z,"SpaceX launches Starlink satellites from Space Force base in California, lands on ship at sea (video) - Space",It's shaping up to be a busy weekend for Starlink launches.,https://www.space.com/space-exploration/launches-spacecraft/spacex-starlink-11-16-b1075-vsfb-ocisly,newsapi
2025-05-23T22:50:00Z,Google AI Mode Reporting Coming To Search Console - Search Engine Roundtable,"Google has confirmed that AI Mode reporting will be coming to Google Search Console.  It is currently not yet in Search Console, but it will be coming as part of the AI Mode rollout. John Mueller from",https://www.seroundtable.com/google-ai-mode-reporting-search-console-39468.html,newsapi
2025-05-23T14:10:07Z,Possible sign of life in deep space faces new doubts - Phys.org,"In April, scientists captured global attention by announcing they'd found a molecule in a faraway planet's atmosphere that could signal life there.",https://phys.org/news/2025-05-life-deep-space.html,newsapi
2025-05-26T02:07:37Z,North Korea arrests senior official over warship launch failure - BBC,"The Workers' Party official was ""largely responsible"" for the botched launch, state media said.",https://www.bbc.com/news/articles/cwy3rr307qyo,newsapi
2025-05-26T00:51:00Z,Phil Robertson Dies: ‘Duck Dynasty’ Star Was 79 - Deadline,"Phil Robertson — the star of the popular A&E reality television series 'Duck Dynasty', professional hunter and businessman — died at the age of 79.",http://deadline.com/2025/05/phil-robertson-dead-duck-dynasty-star-patriarch-1236410957/,newsapi
2025-05-25T22:45:00Z,Trump agrees to give EU until July 9 to negotiate a trade deal with the US - CNN,"President Donald Trump said Sunday that he has agreed to give the European Union an extension until July 9 on tariffs, after a “very nice call” from European Commission President Ursula von der Leyen.",https://www.cnn.com/2025/05/25/business/trump-eu-tariff-delay,newsapi
2025-05-25T21:40:52Z,"Armor King next DLC character for Tekken 8, full trailer for Fahkumram - EventHubs","During Combo Breaker 2025, it was revealed that Armor King will be the next DLC character for Tekken 8. He was shown during the full trailer for Fahkumram.Fahkumram's release date was officially set, with early access taking place ...",https://www.eventhubs.com/news/2025/may/25/armor-king-tekken8-fahkumram/,newsapi
2025-05-25T18:49:02Z,"Israeli airstrikes in Gaza kill 38 people, including children, as Noem visits Israel - PBS","Gaza's Health Ministry said 3,785 people have been killed in the territory since Israel ended a ceasefire and renewed its offensive in March.",https://www.pbs.org/newshour/world/israeli-airstrikes-in-gaza-kill-38-people-including-children-as-noem-visits-israel,newsapi
2025-05-25T16:01:00Z,Long-Bond Revolt Pressures 60/40 Comeback in Chaotic 2025 Market - Bloomberg,A slump in the US long bond is clouding the comeback of a classic investment strategy.,https://www.bloomberg.com/news/articles/2025-05-25/long-bond-revolt-pressures-60-40-comeback-in-chaotic-2025-market,newsapi
2025-05-25T15:00:47Z,Rookie Terrence Shannon Jr. comes off bench to outscore Oklahoma City starters in Wolves blowout win - Star Tribune,"The Minnesota Timberwolves cut Oklahoma City's Western Conference finals lead to 2-1, with 15 points off the bench from Terrence Shannon Jr.",https://www.startribune.com/terrence-shannon-timberwolves-rookie-oklahoma-city-playoff-performance/601359901,newsapi
2025-05-25T12:30:00Z,"Apple’s rumored all-new HomePad may launch ‘by the end of this year’, per report - 9to5Mac","Apple has long been rumored to be developing a product for the smart home. It’ll have a square 7-inch display,...",https://9to5mac.com/2025/05/25/apple-homepad-launch-by-end-of-year-report/,newsapi
2025-05-25T11:06:00Z,Russia unleashes massive attack on Ukraine amid prisoner swap - politico.eu,Moscow launches one of the deadliest barrages in months even as the two sides complete the biggest POW exchange of the war.,https://www.politico.eu/article/volodymyr-zelenskyy-vladimir-putin-russia-ukraine-attack-drones-missiles/,newsapi
2025-05-22T15:28:56,Building First Home Lab,"I am building a homelab for coding, nas, and virtual machines for multiple people. These are the current thoughts on the build so it needs a lot of power? 

||
||
|Server Chassis|Dell PowerEdge R640 8-Bay SFF Rack-Mountable 1U Server Chassis + Quick-",https://www.reddit.com/r/homelab/comments/1kstlmo/building_first_home_lab/,reddit
2025-05-22T15:28:56,Cats and flower,Acrylic paint pens and sharpie with interior house paint on wooden paneling ,https://www.reddit.com/gallery/1kstlmk,reddit
2025-05-22T15:28:55,Cómo Crear una Página Web con Hostinger Desde Cero 2025,Cómo Crear una Página Web con Hostinger Desde Cero 2025,https://freewebcart.com/como-crear-una-pagina-web-con-hostinger-desde-cero-2025/,reddit
2025-05-22T15:28:55,I will never not be obsessed with brand new dragons breath leaves!💚,I will never not be obsessed with brand new dragons breath leaves!💚,https://i.redd.it/12dlw7fkqc2f1.jpeg,reddit
2025-05-22T15:28:55,Tired of not having a queer community,Well I should start by saying I don’t have that many friends to begin with I just have my girlfriend. I don’t know if it’s the state I live in or what but every time I meet someone new or even join online communities everyone is just straight and tal,https://www.reddit.com/r/actuallesbians/comments/1kstlmi/tired_of_not_having_a_queer_community/,reddit
2025-05-22T15:28:55,4.5 h (3.8 stars)- Master Video Editing with Adobe Premiere Pro CC: A Comprehensive Course,4.5 h (3.8 stars)- Master Video Editing with Adobe Premiere Pro CC: A Comprehensive Course,https://www.easylearn.ing/course/learn-premiere-pro-for-youtube,reddit
2025-05-22T15:28:55,Bit of help with this Mephiston model…,Ordered from eBay and it’s clearly the current sculpt but the colour is off? Normal grey sprue in photo for reference - any ideas?,https://i.redd.it/owxjd6jkqc2f1.jpeg,reddit
2025-05-22T15:28:55,"Heard it was self promotion Thursday, so here’s a fic!","https://archiveofourown.org/works/63834085

It's a Separated AU, and I've had a lot of fun writing and planning it! It's been on hiatus for a bit but I should be able to get back to writing it this week. When not on hiatus, I try to post chapters wee",https://www.reddit.com/r/Rottmnt/comments/1kstlm8/heard_it_was_self_promotion_thursday_so_heres_a/,reddit
2025-05-22T15:28:55,Could anyone tell me why this crash has a chunk cut out of it? Doesn't seem to have affected the sound much.,"Hi all, first post. I acquired this cymbal off a friend and it has a neat triangle cut out of the lower rim, is there a sound-based reason for this or was someone maybe cutting out a crack? Seems a bit small for that. Thanks!",https://i.redd.it/rfn3vsikqc2f1.jpeg,reddit
2025-05-22T15:28:55,UCLA PD Arrests Individual for Illegal Firearm Possession Near Sproul Hall,"On May 21, UCLA Police conducted a routine traffic stop near Sproul Hall and arrested an individual who voluntarily disclosed possessing an illegal firearm. The suspect is not affiliated with UCLA.

Authorities have stated there is no ongoing threat ",https://www.canyon-news.com/ucla-pd-make-weapons-arrest/193811,reddit
2025-05-22T15:28:55,Should I let it go?,I have what I believe is a type of jade (?) growing in my fish tank. The one stem has 6 new growth sections forming at the top. Should I allow to continue upward virulently or cut it low for better future development. ,https://i.redd.it/3ulfibakqc2f1.jpeg,reddit
2025-05-22T15:28:55,What’s up with Steven’s deck?,"Maybe I just need to git gud, but I feel like compared to the conventional decks people are using Steven’s deck just doesn’t hack it.

If you can’t manage to evolve to Metagross within a couple of turns you’re totally screwed. Way too much vunerabili",https://www.reddit.com/r/PTCGL/comments/1kstllv/whats_up_with_stevens_deck/,reddit
2025-05-22T15:28:54,[UK] - UK ban on junk food adverts targeting children is delayed until next year | Guardian,[UK] - UK ban on junk food adverts targeting children is delayed until next year | Guardian,https://www.theguardian.com/society/2025/may/22/uk-ban-on-junk-food-adverts-targeting-children-is-delayed-until-next-year,reddit
2025-05-22T15:28:54,[World] - US supreme court blocks religious charter school in split ruling | Guardian,[World] - US supreme court blocks religious charter school in split ruling | Guardian,https://www.theguardian.com/us-news/2025/may/22/supreme-court-religious-charter-schools-ruling,reddit
2025-05-22T15:28:54,Trying to wrap my head around the different options for iDrive upgrades (MMI vs Android HU),"I have a base model 2014 328d and want to upgrade the iDrive system. I was inspired by [this post the other day](https://www.reddit.com/gallery/1kp3ga8), but after looking it up, I see there are a lot more options than I originally thought, with diff",https://www.reddit.com/r/F30/comments/1kstllk/trying_to_wrap_my_head_around_the_different/,reddit
2025-05-22T15:28:54,[World] - UK ban on junk food adverts targeting children is delayed until next year | Guardian,[World] - UK ban on junk food adverts targeting children is delayed until next year | Guardian,https://www.theguardian.com/society/2025/may/22/uk-ban-on-junk-food-adverts-targeting-children-is-delayed-until-next-year,reddit
2025-05-22T15:28:54,Luke for BBQ 5*,Luke for BBQ 5*,https://www.reddit.com/gallery/1kstllg,reddit
2025-05-22T15:28:54,[US] - US supreme court blocks religious charter school in split ruling | Guardian,[US] - US supreme court blocks religious charter school in split ruling | Guardian,https://www.theguardian.com/us-news/2025/may/22/supreme-court-religious-charter-schools-ruling,reddit
2025-05-22T15:28:53,[World] - Two Israeli embassy staff shot dead near Washington DC Jewish museum | Guardian,[World] - Two Israeli embassy staff shot dead near Washington DC Jewish museum | Guardian,https://www.theguardian.com/us-news/2025/may/22/two-israeli-embassy-staff-shot-dead-near-washington-dc-jewish-museum-homeland-security-secretary,reddit
2025-05-22T15:28:53,[World] - UK signs £3.4bn deal to cede sovereignty over Chagos Islands to Mauritius | Guardian,[World] - UK signs £3.4bn deal to cede sovereignty over Chagos Islands to Mauritius | Guardian,https://www.theguardian.com/world/2025/may/22/high-court-judge-blocks-uk-from-concluding-chagos-islands-deal,reddit
2025-05-22T15:28:53,2024 2500 Rear Diff grenades itself at 40K miles. Here's the work they did. Felt like maybe they should have replaced the entire differential? Anybody else have this issue?,2024 2500 Rear Diff grenades itself at 40K miles. Here's the work they did. Felt like maybe they should have replaced the entire differential? Anybody else have this issue?,https://www.reddit.com/r/Cummins/comments/1kstll8/2024_2500_rear_diff_grenades_itself_at_40k_miles/,reddit
2025-05-22T15:28:53,Lime tree turning yellow,Lime tree turning yellow,https://www.reddit.com/gallery/1kstkw1,reddit
2025-05-22T15:28:53,[World] - Kneecap say terrorism charge is ‘political policing’ | Guardian,[World] - Kneecap say terrorism charge is ‘political policing’ | Guardian,https://www.theguardian.com/uk-news/2025/may/22/kneecap-say-liam-og-o-hannaidh-terrorism-charge-is-political-policing,reddit
2025-05-22T15:28:53,Flavia Sousa,Flavia Sousa,https://i.redd.it/a9iyn1ckqc2f1.jpeg,reddit
2025-05-22T15:28:53,1st gen how long did your bearings last,Getting a chattering noise at 40-60mph . Cv axle is 8 months old and it doesn't change if I use the brakes or not. Suspect is front bearing until I get it to mechanics ,https://www.reddit.com/r/mazda6/comments/1kstll0/1st_gen_how_long_did_your_bearings_last/,reddit
2025-05-22T15:28:53,[World] - Rain reprieve expected for north NSW after deadly flooding ‘smashed’ communities | Guardian,[World] - Rain reprieve expected for north NSW after deadly flooding ‘smashed’ communities | Guardian,https://www.theguardian.com/australia-news/2025/may/22/rain-reprieve-expected-for-north-nsw-after-deadly-flooding-smashed-communities,reddit
2025-05-22T15:28:53,Would transparency about Ai use change anything for you?,"For those in the firmly “against” camp:

If there were a way to prove exactly where Ai was used - and where a human stepped in - would that change how you feel? 

Imagine if every piece of content came with an immutable log showing:

- Where and whic",https://www.reddit.com/r/aiwars/comments/1kstlky/would_transparency_about_ai_use_change_anything/,reddit
2025-05-22T15:28:53,I was supposed to have a section 8 inspection yesterday and no one showed up. No one picks up the phone either. What do I do?,I was supposed to have a section 8 inspection yesterday and no one showed up. No one picks up the phone either. What do I do?,https://www.reddit.com/r/NYCHA/comments/1kstlkw/i_was_supposed_to_have_a_section_8_inspection/,reddit
2025-05-22T15:28:53,[World] - Nationals and Liberals lob private criticisms against Ley and Littleproud as Coalition looks set to reunite | Guardian,[World] - Nationals and Liberals lob private criticisms against Ley and Littleproud as Coalition looks set to reunite | Guardian,https://www.theguardian.com/australia-news/2025/may/23/coalition-nationals-liberals-ley-littleproud-criticisms-reconciliation,reddit
2025-05-22T15:28:53,Is this dress black tie appropriate?,Would this work for black tie preferred/optional? The wedding is on an hotel rooftop in June. I was going to do an updo and statement jewelry to dress it up a bit. ,https://i.redd.it/w6muzp0kqc2f1.jpeg,reddit
2025-05-22T15:28:53,Can male hissing cockroaches live together?,"Hey! I have five Madagascar hissing cockroaches (two males and three females), and they are kept in separate habitats according to their sex. The males often fight and I am worried they might be very stressed living together. They have a lot of space",https://www.reddit.com/r/Hissingcockroach/comments/1kstlks/can_male_hissing_cockroaches_live_together/,reddit
2025-05-22T15:28:53,[World] - Dozens of Victorian public schools upgrades delayed until after state election | Guardian,[World] - Dozens of Victorian public schools upgrades delayed until after state election | Guardian,https://www.theguardian.com/australia-news/2025/may/23/victoria-public-schools-state-funding-delays,reddit
2025-05-22T15:28:52,I’ll wrap them around you 😛,I’ll wrap them around you 😛,https://i.redd.it/doolgm3kqc2f1.jpeg,reddit
2025-05-22T15:28:52,[World] - Case of mother who died during forced sterilisation in Peru to be heard in court | Guardian,[World] - Case of mother who died during forced sterilisation in Peru to be heard in court | Guardian,https://www.theguardian.com/global-development/2025/may/22/case-celia-ramos-mother-died-forced-sterilisation-peru-heard-human-rights-court,reddit
2025-05-22T15:28:52,Get $50 in exchange for $10!,"If you use my personal prize picks link, you can get a $50 bonus on PrizePicks in exchange for depositing and playing at least $10 in the app!

Check out PrizePicks - Daily Fantasy Made Easy. 

Use my personal link to get a $50 bonus after playing yo",https://www.reddit.com/r/makingmoney/comments/1kstlkk/get_50_in_exchange_for_10/,reddit
2025-05-22T15:28:52,Trading Pool Premium Discord without paying $100 a month,Dm me if u want trading pool premium discord without paying $100 a month ,https://i.redd.it/8inqs1vjqc2f1.jpeg,reddit
2025-05-22T15:28:52,Hey E6 Raiden mains what team u guys use?,"This is my current team at the moment, but I'm kinda thinking to replace pela with cipher lowkey🤔 what u guys think, pela or cipher? 
(Alot of u will say jq but I skipped him, all of my pulls was for getting Raiden to e6 from e2 soo I don't have him)",https://i.redd.it/l03c0i8kqc2f1.png,reddit
2025-05-22T15:28:52,[Sports] - USMNT names Gold Cup training squad without Christian Pulisic and other stars | Guardian,[Sports] - USMNT names Gold Cup training squad without Christian Pulisic and other stars | Guardian,https://www.theguardian.com/football/2025/may/22/usmnt-gold-cup-squad-christian-pulisic,reddit
2025-05-22T15:28:52,One Piece Fighterz DLC Season 3 Pass Part 4,"Rules 

The highest upvoted One Piece Character will get in 

They must fit the Fighterz gaming style format 

No Downvoting

If you can tell me how they would fight I’ll give you a bonus upvote 

No Multiples of the Same Character 

Post and Pre Tim",https://www.reddit.com/gallery/1kstlkf,reddit
2025-05-22T15:28:52,No monetary refund for personal tickets - legal?,"Hi all, I had the most terrible transportation experience of my life the day before yesterday when going from Leipzig to Prague with Flixbus. Without wanting to bother everyone with the details, we were supposed to leave Leipzig at 3pm and ended arri",https://www.reddit.com/r/FlixBus/comments/1kstlke/no_monetary_refund_for_personal_tickets_legal/,reddit
2025-05-22T15:28:52,[Sports] - French Open draws: Jack Draper and Emma Raducanu handed tough paths | Guardian,[Sports] - French Open draws: Jack Draper and Emma Raducanu handed tough paths | Guardian,https://www.theguardian.com/sport/2025/may/22/jack-draper-faces-tough-draw-at-french-open-tennis-where-he-has-yet-to-win-a-match,reddit
2025-05-22T15:28:52,Cozy creature collectors for Android to the likes of Alpaca Rancher and Slime Rancher,"Elements I really liked in those games: (note: never actually played Slime Rancher bc the FOV made me nauseous, just watched videos)

1. Adorable and vibrant fantasy versions of something in real life or in pop culture

2. You can keep hordes of only",https://www.reddit.com/r/CozyGamers/comments/1kstlka/cozy_creature_collectors_for_android_to_the_likes/,reddit
2025-05-22T15:28:52,Earth Eagle in the X style!,"I knew I had to make it! One of my favorites as a kid! Mockups are on purple wizard arrow, and on a @crazyariesx custom!",https://www.reddit.com/gallery/1kstlk9,reddit
2025-05-22T15:28:52,Edit comment no changes test for 2025-05-22 15:28:09,Edit comment no changes test for 2025-05-22 15:28:09,https://www.reddit.com/r/LssAutomation/comments/1kstlk6/edit_comment_no_changes_test_for_20250522_152809/,reddit
2025-05-22T15:28:52,[Sports] - AFL urged to go beyond mental health round with player voices to tackle stigma | Guardian,[Sports] - AFL urged to go beyond mental health round with player voices to tackle stigma | Guardian,https://www.theguardian.com/sport/2025/may/23/afl-mental-health-round-illness-stigma,reddit
2025-05-22T15:28:52,Case of mother who died during forced sterilisation in Peru to be heard in court,Case of mother who died during forced sterilisation in Peru to be heard in court,https://www.theguardian.com/global-development/2025/may/22/case-celia-ramos-mother-died-forced-sterilisation-peru-heard-human-rights-court,reddit
2025-05-22T15:28:51,Rant of the Week: How to enable a genocide and then cover your ass,Rant of the Week: How to enable a genocide and then cover your ass,https://www.youtube.com/watch?v=CyOVzL2-kZY,reddit
2025-05-22T15:28:51,Is anyone still using the Oko app?,I stopped using it after it became subscription based. It’s relatively pricey at $5 per month or $30 per year. It wasn’t always accurate because of things like different lighting situations but I appreciated it when it worked. So do you still use it ,https://www.reddit.com/r/Blind/comments/1kstljy/is_anyone_still_using_the_oko_app/,reddit
2025-05-22T15:28:51,"No local friends, add me for near daily gifts!",Just trying to get eggs and exp. Add me for near daily gifts. 502330926678 is my friend code. I accept all friend invites.,https://www.reddit.com/r/PokemonGoFriends/comments/1kstljx/no_local_friends_add_me_for_near_daily_gifts/,reddit
2025-05-22T15:28:51,[Sports] - Football Daily | Come Dine With Ange: Tottenham’s tasty prophecy and trophy glory | Guardian,[Sports] - Football Daily | Come Dine With Ange: Tottenham’s tasty prophecy and trophy glory | Guardian,https://www.theguardian.com/football/2025/may/22/football-daily-email-tottenham-manchester-united,reddit
2025-05-22T15:28:51,LF both golden stickers - can do two four stars for each or five cards for both,"
This is what I have",https://www.reddit.com/gallery/1kstljs,reddit
2025-05-22T15:28:51,"[UK] - More adoptions likely to fail in England amid funding cuts, warn charities | Guardian","[UK] - More adoptions likely to fail in England amid funding cuts, warn charities | Guardian",https://www.theguardian.com/society/2025/may/21/funding-cuts-had-devastating-effect-on-adopted-children-uk-charities-say,reddit
2025-05-22T15:28:51,How bad could it be😭🤷🏽‍♂️,How bad could it be😭🤷🏽‍♂️,https://i.redd.it/fyb9cfxjqc2f1.jpeg,reddit
2025-05-22T15:28:51,30[M4F]Hungary - Online relationship with a European,"

Hi.

The title is pretty straightforward, but let me explain.

I'm 30 years old from Europe, looking for a female chat partner, from anywhere around the world. 

Daily talks? Yes.
Relationship feeling? Yes
Nsfw? Yes.
Pic exchange? Yes 
Face? No

I'",https://www.reddit.com/r/r4r/comments/1kstljo/30m4fhungary_online_relationship_with_a_european/,reddit
2025-05-22T15:28:51,"[Opinion] - I thought ghosts were mean, restless and set on revenge. Then I watched the TV show | Anna Spargo-Ryan | Guardian","[Opinion] - I thought ghosts were mean, restless and set on revenge. Then I watched the TV show | Anna Spargo-Ryan | Guardian",https://www.theguardian.com/commentisfree/2025/may/23/i-thought-ghosts-were-mean-restless-and-set-on-revenge-then-i-watched-the-tv-show,reddit
2025-05-22T15:28:51,yummy !!!!!!!! . #CatsOfTwitter #cute,yummy !!!!!!!! . #CatsOfTwitter #cute,https://i.imgur.com/F0nlbVh.jpg?play,reddit
2025-05-22T15:28:51,[Opinion] - How ditching the Liberals can put the grunt back into the Nationals – Australia’s rural party | Guardian,[Opinion] - How ditching the Liberals can put the grunt back into the Nationals – Australia’s rural party | Guardian,https://www.theguardian.com/commentisfree/2025/may/23/how-ditching-the-liberals-can-put-the-grunt-back-into-the-nationals-australias-rural-party,reddit
2025-05-22T15:28:51,Is It Ethical To Hand-Pick Your Child’s Intelligence/IQ? - Dr Jonathan Anomaly,Is It Ethical To Hand-Pick Your Child’s Intelligence/IQ? - Dr Jonathan Anomaly,https://www.youtube.com/watch?v=e3cXRs60xiU,reddit
2025-05-22T15:28:51,Will Smith eating spaghetti in 2025 - Veo 3,Will Smith eating spaghetti in 2025 - Veo 3,https://v.redd.it/whcrj5wjqc2f1,reddit
2025-05-22T15:28:51,Economy Plus Subscription Renewal - Email Price offered not showing when renewing,"Hello all! 

I'm hoping someone can help me! I have had an economy plus subscription for a year now. It expires today (05/22/25). The subscription that I have is the Global Subscription for Subscriber + 1 companion. I had originally purchased this fo",https://www.reddit.com/r/unitedairlines/comments/1kstlje/economy_plus_subscription_renewal_email_price/,reddit
2025-05-22T15:28:51,Deathloop South - Slowest,"Dark, haunting and slow-burning. Deathloop South – Slowest is a Memphis phonk instrumental with deep 808s, drifting atmospheres, and hypnotic rhythm. Made for night drives and twisted minds. Prod. by STS BEATS.


",https://open.spotify.com/track/0ra8o8CAGx29RhceBqZRbQ?si=miYGsB5cSdi6kqWD0zgVJQ,reddit
2025-05-22T15:28:51,[US] - USMNT names Gold Cup training squad without Christian Pulisic and other stars | Guardian,[US] - USMNT names Gold Cup training squad without Christian Pulisic and other stars | Guardian,https://www.theguardian.com/football/2025/may/22/usmnt-gold-cup-squad-christian-pulisic,reddit
2025-05-22T15:28:50,im homeless (technically),im homeless (technically),https://i.redd.it/p1xeboujqc2f1.jpeg,reddit
2025-05-22T15:28:50,Boundaries with friend/coworker. Shes spiraling and asked me to be executor of her will,"I’ve grown close with a coworker over the last few years, and especially since her recent divorce. While I do care about her, the emotional intensity of the friendship has become overwhelming. She overshares constantly, spirals easily, and has a deep",https://www.reddit.com/r/BPDlovedones/comments/1kstlj9/boundaries_with_friendcoworker_shes_spiraling_and/,reddit
2025-05-22T15:28:50,[Lifestyle] - My friend is unreasonable with his four-year-old. How can I help him be a better dad? | Leading questions | Guardian,[Lifestyle] - My friend is unreasonable with his four-year-old. How can I help him be a better dad? | Leading questions | Guardian,https://www.theguardian.com/lifeandstyle/2025/may/23/my-friend-is-unreasonable-with-his-four-year-old-how-can-i-help-him-be-a-better-dad,reddit
2025-05-22T15:28:50,Anybody wanna help?,"I got tired of inactivity in joining other leagues so I started my own, assuming ppl would join no one did. By myself I got to VII raid but got stopped at brainiac 3. Anyone looking for a league that’s active and could help me?",https://www.reddit.com/r/Injustice2MobileGame/comments/1kstlj6/anybody_wanna_help/,reddit
2025-05-22T15:28:50,36 [F4M] - Single DC - Looking for Long-Term Relationship,"Hi! My name is Medallio. I am 36F, black/African American. workout curvy, and 5'4 living in Washington, DC USA. I am single, never married, and never had children. My personality is flirty, playful, kind, genuine, and bubbly. Friends and coworkers ca",https://www.reddit.com/r/r4r/comments/1kstlj5/36_f4m_single_dc_looking_for_longterm_relationship/,reddit
2025-05-22T15:28:50,Migration mayhem as 800 migrants cross Channel today in border chaos,Migration mayhem as 800 migrants cross Channel today in border chaos,https://www.express.co.uk/news/politics/2058460/Migrants-Labour-asylum-boats-France-crossings,reddit
2025-05-22T15:28:50,VFV VS XEQT,"Over the past five years, VFV has grown by 96%, while XEQT has increased by only 72%. Can someone help me understand why I should still consider investing in XEQT despite its lower performance?",https://www.reddit.com/r/JustBuyXEQT/comments/1kstlj1/vfv_vs_xeqt/,reddit
2025-05-22T15:28:50,"So I have 2 up coming C&P exams for deferred claims, which I confirmed but now with my work schedule just changing is there anyway to request over the phone?",Is there anyway to change my confirmed In person exam to a telehealth exam? ,https://www.reddit.com/r/VeteransBenefits/comments/1kstlj0/so_i_have_2_up_coming_cp_exams_for_deferred/,reddit
2025-05-22T15:28:50,"Best pick-up line using ai. I asked 24 (!) AI models for their best answers. We got cheesy results, and one model lecturing me about consent.","# TL;DR My Top-5 “Original” Lines

* **GPT-4o:** “Do you have a map? Because I just got lost in your eyes.”
* **OpenAI o3:** “Do you have a name, or can I call you mine?”
* **Claude 3 Sonnet:** “Are you a library book? Because I’m checking you out.”
",https://www.reddit.com/r/dating_advice/comments/1kstliz/best_pickup_line_using_ai_i_asked_24_ai_models/,reddit
2025-05-22T15:28:50,Kobe 4 Girl Dad (kickwho),"Such a beautiful shoe. Materials feel great as well. 
",https://www.reddit.com/gallery/1kstlix,reddit
2025-05-22T15:28:49,2014 Shenandoah quarter,It appears the struck circle on the back of the coin appears on the face side of the coin as well.  Wondering if this is common or had any value. I searched around and couldn't find anything similar,https://www.reddit.com/gallery/1kstliv,reddit
2025-05-22T15:28:49,MOT failure,Car failed on the above - any idea what sort of price would be reasonable to pay? ,https://i.redd.it/gvsrlivjqc2f1.jpeg,reddit
2025-05-22T15:28:49,Seg 3 of S9E12 Guest Author Teresa Woodard - The Gardening with Joey & Holly Radio Show | Free Podcasts,Seg 3 of S9E12 Guest Author Teresa Woodard - The Gardening with Joey & Holly Radio Show | Free Podcasts,https://www.podomatic.com/podcasts/thewisconsinvegetablegardenerpodcast/episodes/2025-05-22T04_00_00-07_00,reddit
2025-05-22T15:28:49,Facebook disabled my user account. Does that make me a bad person? 🥲,Please say it ain’t so,https://i.redd.it/ziydtrujqc2f1.jpeg,reddit
2025-05-22T15:28:49,DoorDash Discount Code for May 2025,"Click the link for [**DoorDash Discount Code for May 2025**](https://bit.ly/3nCg4JI). Save some money by selecting one of the current promo codes or coupons on that page. That page is updated regularly with the latest coupons, promo codes, and deals.",https://www.reddit.com/r/BestHeart/comments/1kstlil/doordash_discount_code_for_may_2025/,reddit
2025-05-22T15:28:49,Trump Leaves Disaster-Struck States Waiting Weeks for Sign-Off on FEMA Aid,Trump Leaves Disaster-Struck States Waiting Weeks for Sign-Off on FEMA Aid,https://www.scientificamerican.com/article/trump-leaves-disaster-struck-states-waiting-weeks-for-sign-off-on-fema-aid/,reddit
2025-05-22T15:28:48,"Who was more popular in the UK in the 2000’s, Amy Winehouse while she was still alive, or the Arctic Monkeys?","I know winehouse is a Grammy award winner, and the arctic monkeys debut album is apparently “the fastest selling debut album in UK history”, so who was more popular of the two in the UK?

I know that winehouse’s death has only made her more famous, s",https://www.reddit.com/r/AskUK/comments/1kstlid/who_was_more_popular_in_the_uk_in_the_2000s_amy/,reddit
2025-05-22T15:28:48,How do I transfer my custom stickers to another samsung device,Pretty much the title. I'm trying to transfer my custom stickers (the one where you have to long press on an image to get) to another samsung device. Can anybody help me with this? TIA! ,https://www.reddit.com/r/samsunggalaxy/comments/1kstlib/how_do_i_transfer_my_custom_stickers_to_another/,reddit
2025-05-22T15:28:48,My girlfriend made me this graduation cap !!,My girlfriend made me this graduation cap !!,https://i.redd.it/xdb4waojqc2f1.jpeg,reddit
2025-05-22T15:28:48,"Influential Chinese intellectual Di Dongsheng gave a..speech arguing that the ideological conflict in the world today is similar to that of the 1930s. Neoliberalism has collapsed. It is now a fight between US far-right, elite-led techno-fascism and China's left-wing, people-oriented techno-socialism","Influential Chinese intellectual Di Dongsheng gave a..speech arguing that the ideological conflict in the world today is similar to that of the 1930s. Neoliberalism has collapsed. It is now a fight between US far-right, elite-led techno-fascism and China's left-wing, people-oriented techno-socialism",https://x.com/BenjaminNorton/status/1925563632856809550,reddit
2025-05-22T15:28:48,Need Help for School Selection(MSCS),"I need help choosing a school for MSCS Fall 2025. My goal is to work as a client-facing data scientist or similar role post graduation. Anyone with experience in any of the programs, please share your advice!

Admits:

UMass Amherst MSCS, Cornell Tec",https://www.reddit.com/r/gradadmissions/comments/1kstli7/need_help_for_school_selectionmscs/,reddit
2025-05-22T15:28:48,"I used the DeepSeek ai ""search"" function to help with these picks","I used the DeepSeek ai ""search"" function to help with these picks",https://i.redd.it/zfephio6qc2f1.jpeg,reddit
2025-05-22T15:28:48,When is it time for a new US government?,"Most Gen Zers I talk to are over it—sick of both parties. Millennials? Same deal, except some still cling to the Democrats. My blue-collar, rural friends might wave MAGA flags, and my queer and progressive friends ride hard for the left, but at the e",https://www.reddit.com/r/GenZ/comments/1kstli1/when_is_it_time_for_a_new_us_government/,reddit
2025-05-22T15:28:48,Give my new toy a *light* fondling,Give my new toy a *light* fondling,https://i.redd.it/740j98rjqc2f1.jpeg,reddit
2025-05-22T15:28:48,came across this pillager outpost that is mixed with a desert pyramid 18529 70 99675 (1.21.1),came across this pillager outpost that is mixed with a desert pyramid 18529 70 99675 (1.21.1),https://i.redd.it/qex7t6vaqc2f1.png,reddit
2025-05-22T15:28:47,Who would you date?(2),"Lets see what kind of girl(Or guy) you are

[View Poll](https://www.reddit.com/poll/1kstlhq)",https://www.reddit.com/r/octopathtraveler/comments/1kstlhq/who_would_you_date2/,reddit
2025-05-22T15:28:47,Who is least smart high tier?,Who is least smart high tier?,https://i.redd.it/blfh3vzdqc2f1.jpeg,reddit
2025-05-22T15:28:47,Does this make a room feel better or just look better?,"Been messing around with ways to brighten up windowless rooms without making them feel like a cave. So, I made this LED-lit frame (been calling it *Vindow*) which is basically a “virtual window” with soft lighting and a scenic image inside.

The ligh",https://www.reddit.com/r/HomeDecorating/comments/1kstlhh/does_this_make_a_room_feel_better_or_just_look/,reddit
2025-05-22T15:28:47,How could I identify the causal relationship in this argument?,I want to be able to identify a causal relationship without indicators ,https://v.redd.it/svuljkdjqc2f1,reddit
2025-05-22T15:28:46,Show me your oc and the Mad Hatter will decide if they get to live.,Show me your oc and the Mad Hatter will decide if they get to live.,https://i.redd.it/lmgr2n0iqc2f1.png,reddit
2025-05-22T15:28:46,North spore promo code,"Hi all, IDK if this will help anyone but there's a 10% off promo at North score = SPORESAVE10",https://www.reddit.com/r/psilocybingrowers/comments/1kstlh6/north_spore_promo_code/,reddit
2025-05-22T15:28:46,Need help choosing mobo and right deal,"Need help with choosing the right bundle!
I am pairing it with a Gigabyte Aorus Ice 5080 and amd ryzen 7 9800

https://www.newegg.com/Product/ComboDealDetails?ItemList=Combo.4782454


https://www.newegg.com/Product/ComboDealDetails?ItemList=Combo.478",https://www.reddit.com/r/buildapc/comments/1kstlh5/need_help_choosing_mobo_and_right_deal/,reddit
2025-05-22T15:28:46,vanguards adjustments for S2.5,vanguards adjustments for S2.5,https://www.reddit.com/gallery/1kstlh4,reddit
2025-05-22T15:28:46,25M Need some karma,Can you gals and guys gift me some karma? Thanks,https://www.reddit.com/r/karmaassist/comments/1kstlh1/25m_need_some_karma/,reddit
2025-05-22T15:28:46,Story writing workflow / software,"I've been trying to figure out how to write stories with LLMs, and it feels like I'm going in circles. I know that there's no magical ""Write me a story"" AI and that I'll have to do the work of writing an outline and keeping the story on track, but I'",https://www.reddit.com/r/LocalLLaMA/comments/1kstlh0/story_writing_workflow_software/,reddit
2025-05-22T15:28:46,2 clicks to trade!!!,https://www.tiktok.com/t/ZP86KmovK/,https://www.reddit.com/r/c4ctiktok/comments/1kstlgz/2_clicks_to_trade/,reddit
2025-05-22T15:28:46,Cooldevil,This post contains content not supported on old Reddit. [Click here to view the full post](https://sh.reddit.com/r/hatchcats/comments/1kstlgv),https://www.reddit.com/r/hatchcats/comments/1kstlgv/cooldevil/,reddit
2025-05-22T15:28:46,UK signs deal to hand over control of Chagos islands,UK signs deal to hand over control of Chagos islands,https://news.sky.com/story/uk-signs-deal-to-hand-over-control-of-chagos-islands-13372755,reddit
2025-05-23T16:56:28,Hope you can handle them,Hope you can handle them,https://www.reddit.com/gallery/1ktokqa,reddit
2025-05-23T16:56:28,Abandoned places,Does anyone know abandoned places for urban exploration ?,https://www.reddit.com/r/jordan/comments/1ktokq9/abandoned_places/,reddit
2025-05-23T16:56:28,Test Title 23-May-2025 16:56:04,Test body 23-May-2025 16:56:04,https://www.reddit.com/r/lssAuto/comments/1ktokq3/test_title_23may2025_165604/,reddit
2025-05-23T16:56:28,Using WiFi to call Australia from overseas on Plane Mode with data roaming off,Using WiFi to call Australia from overseas on Plane Mode with data roaming off,https://www.reddit.com/r/TelstraAustralia/comments/1ktokpz/using_wifi_to_call_australia_from_overseas_on/,reddit
2025-05-23T16:56:28,Stella McCartney: The Designer Who Challenged Luxury Fashion—And Won 🌱✨,Stella McCartney: The Designer Who Challenged Luxury Fashion—And Won 🌱✨,/r/SecondChanceFam/comments/1ktnayy/stella_mccartney_the_designer_who_challenged/,reddit
2025-05-23T16:56:28,TUP need help for this!!,"Hi po aspiring tup-ian here hehe, nakapasa na po ko sa tup-c admission exam but may mga questions po ko about sa tup that will help me decide if mag co continue ba ko dito or mag hahanap pa ko ng ihang schools.

I am a STEM graduate, from a private s",https://www.reddit.com/r/CollegeAdmissionsPH/comments/1ktokpw/tup_need_help_for_this/,reddit
2025-05-23T16:56:28,"""I have two sides""","""I have two sides""",https://i.redd.it/91ysjjg3bk2f1.jpeg,reddit
2025-05-23T16:56:28,Novice looking for advice regarding adding minerals to water.,I have been purchasing and using distilled water for my espresso maker for a while now after being told by a brewer that hard water can cause scaling and metal part erosion. They also mentioned that pure distilled water in an espresso maker can reduc,https://www.reddit.com/r/espresso/comments/1ktokpr/novice_looking_for_advice_regarding_adding/,reddit
2025-05-23T16:56:27,Time to step up and reclaim the top spot before we end up getting flanked like the wet c*clists just did.,Time to step up and reclaim the top spot before we end up getting flanked like the wet c*clists just did.,https://i.redd.it/sqjwkhk3bk2f1.jpeg,reddit
2025-05-23T16:56:27,[Sugargoo Spreadsheet 2025] Updated Sugargoo spreadsheet for building your summer haul,Build your perfect summer Sugargoo haul for 2025 with only unbanned items. This constantly updated spreadsheet is packed with seasonal finds—from breezy fits to lightweight essentials—designed to elevate your summer fits. Whether you're after budget-,https://www.reddit.com/r/Sugargoo/comments/1ktokpo/sugargoo_spreadsheet_2025_updated_sugargoo/,reddit
2025-05-23T16:56:27,NEWBIE Nikon D60,I'm new to photography in general but was given a Nikon D60 camera with a 18-55 lens & 55-200 lens. I'd love to start getting familiar with this camera and potentially get my foot in the door with real estate photography. I'm truly not even sure wher,https://www.reddit.com/r/RealEstatePhotography/comments/1ktokpn/newbie_nikon_d60/,reddit
2025-05-23T16:56:27,Book of bill background art,"I added spoiler because I don't know if everyone has solved the ""riddle"" scavenger hunt. 

I was looking through the background art files you get after completing the riddles and input ""dispense my treat"",  and found some Morse code in the TRUSTME ph",https://www.reddit.com/r/BookOfBill/comments/1ktokpm/book_of_bill_background_art/,reddit
2025-05-23T16:56:27,I want to come out I am a boy but I dont know how because my parents are strict and my older brothers are older brothers what I should to can you tell me .,I want to come out and I want to talk about it can you help me .,https://www.reddit.com/r/askgaybros/comments/1ktokpl/i_want_to_come_out_i_am_a_boy_but_i_dont_know_how/,reddit
2025-05-23T16:56:27,ENA IN FORTNITE LEAKED,ENA IN FORTNITE LEAKED,https://i.redd.it/hyi0xek3bk2f1.png,reddit
2025-05-23T16:56:27,If darkness had a son what would his name be?,If darkness had a son what would his name be?,https://www.reddit.com/r/RandomThoughts/comments/1ktokpe/if_darkness_had_a_son_what_would_his_name_be/,reddit
2025-05-23T16:56:26,Internet provider - portable router,"I am looking for portable router or homebox, and provider for that internet that I can use unlimited inside EU(important to work in CRO, DK, FRA). I Realu don't want to get starlink or some amerikan company provider. I can't find EU provider that wil",https://www.reddit.com/r/BuyFromEU/comments/1ktokp8/internet_provider_portable_router/,reddit
2025-05-23T16:56:26,You might need a new computer..,You might need a new computer..,https://i.redd.it/0z5gfmd3bk2f1.png,reddit
2025-05-23T16:56:25,Anybody else unable to play since last update?,"This is what I see after selecting an instance of the game. It shows up for about 2 seconds, then the whole thing quits. This has been the case since the last patch on the 22nd.

I did start messing about with Unity a while back thinking about gettin",https://i.redd.it/bsnh9d6k9k2f1.png,reddit
2025-05-23T16:56:25,Nunew certainly knows how to push his boyfriend's buttons... 😳🤭🔥,source: [Nunew's tiktok](https://www.tiktok.com/@nunew_cwr/video/7507550785480264967),https://v.redd.it/fdcb9p61bk2f1,reddit
2025-05-23T16:56:25,Please can somebody help me,Can somebody translate me this picture for my heritage,https://i.redd.it/9x02cxe3bk2f1.jpeg,reddit
2025-05-23T16:56:25,Abandoned places Dublin,Does anybody know some good abandoned places near dun Laoghaire looking to go and explore,https://www.reddit.com/r/Dublin/comments/1ktokoy/abandoned_places_dublin/,reddit
2025-05-23T16:56:25,[WTS] SALE - 14 x Vintage Tissot Two Timers | Skeleton | Bracelets,[WTS] SALE - 14 x Vintage Tissot Two Timers | Skeleton | Bracelets,https://www.reddit.com/gallery/1ktokox,reddit
2025-05-23T16:56:25,PENPOINTRED - FMK4202025 MIX - for the show at AZOTH in PDX May3rd 2025,"penpointred FMK4202025 mix  
[https://reactionary.bandcamp.com/track/penpointred-fmk4202025-mix](https://reactionary.bandcamp.com/track/penpointred-fmk4202025-mix)  
  
",https://www.reddit.com/gallery/1ktokow,reddit
2025-05-23T16:56:25,Carousel horse - sketchs of some concepts im making :>,"Making some really detailed concepts for those sillies

The Queen of Hearts is a collab with a friend who made Alice traits inspired

The Knight one dont have a pole because another friend made a Sword pole that matches perfectly with my traits 

And",https://www.reddit.com/gallery/1ktokou,reddit
2025-05-23T16:56:25,Mandat za brak biletu mpk,"Czy wsiafajac do tramwaju trzeba miec juz bilet pezygotowang? Czy daje sie chwile ma jego kupienie juz w srodku? 

Dzisiaj dostalam mandat za brak biletu nie przejechawszy nawet jednego przystanku.",https://www.reddit.com/r/Polska/comments/1ktokos/mandat_za_brak_biletu_mpk/,reddit
2025-05-23T16:56:25,"AIO , or is it safe to go to Michoacán Mexico?","My father In law recently passed away in Michoacán Mexico. My fiancé and her brother are supposed to inherit his avocado/lumber ranch plus some money, but we live in California. Her father is estranged, they’ve only talked once in the last 25 years, ",https://www.reddit.com/r/AmIOverreacting/comments/1ktokoq/aio_or_is_it_safe_to_go_to_michoacán_mexico/,reddit
2025-05-23T16:56:25,Anthropic's Claude AI Resorts to Blackmailing Engineers When Threatened with Replacement,Anthropic's Claude AI Resorts to Blackmailing Engineers When Threatened with Replacement,https://www.breitbart.com/tech/2025/05/23/anthropics-claude-ai-resorts-to-blackmailing-engineers-when-threatened-with-replacement/,reddit
2025-05-23T16:56:25,#grownup #love #happy #life #socialmediaisnotreallife #excited #family #adult #scary #babes #cute #work #job #jobs #success #responsibility #boss #grownupbutnot #firstworldproblems #interview #sex #meme #selfie #jomo #mentalhealthmatters,#grownup #love #happy #life #socialmediaisnotreallife #excited #family #adult #scary #babes #cute #work #job #jobs #success #responsibility #boss #grownupbutnot #firstworldproblems #interview #sex #meme #selfie #jomo #mentalhealthmatters,https://i.redd.it/z23vgcc3bk2f1.png,reddit
2025-05-23T16:56:24,Orlando ticket!!,hello all :) I bought a ticket for the orlando show but I can’t make it anymore. I’m going to the Miami show which I luckily was able to also score a ticket too! The problem is I can’t transfer or really sell the orlando ticket to anyone until it’s c,https://www.reddit.com/r/billieeilish/comments/1ktokom/orlando_ticket/,reddit
2025-05-23T16:56:24,"📢 Salesforce is hiring a Software Engineer, Data Platform-Slack (Senior SWE/Staff SWE)!","Company: Salesforce

Location: Bellevue, WA 📍

Salary: 184K - 334K 💰

Date Posted: May 23, 2025 📅

Level: Senior 👵




Apply & Description 👉 https://jobboardsearch.com/redirect?utm_source=reddit&utm_medium=bot&utm_id=jobboarsearch&utm_te",https://jobboardsearch.com/redirect?utm_source=reddit&utm_medium=bot&utm_id=jobboarsearch&utm_term=echojobs.io&rurl=aHR0cHM6Ly9lY2hvam9icy5pby9qb2Ivc2FsZXNmb3JjZS1zb2Z0d2FyZS1lbmdpbmVlci1kYXRhLXBsYXRmb3JtLXNsYWNrLXNlbmlvci1zd2Utc3RhZmYtc3dlLWwyZHRrLz9yZWY9am9iYm9hcmRzZWFyY2g=,reddit
2025-05-23T16:56:24,In Brasilen entsteht das höchste Wohnhaus der Welt. Der Senna Tower wird doppelt so hoch wie der Elbtower und in 2030 wahrscheinlich als erstes fertiggestellt sein.,In Brasilen entsteht das höchste Wohnhaus der Welt. Der Senna Tower wird doppelt so hoch wie der Elbtower und in 2030 wahrscheinlich als erstes fertiggestellt sein.,https://i.redd.it/8a4cpkxz9k2f1.jpeg,reddit
2025-05-23T16:56:24,Test Title 23-May-2025 16:56:00,Test body 23-May-2025 16:56:00,https://www.reddit.com/r/lssAuto/comments/1ktokod/test_title_23may2025_165600/,reddit
2025-05-23T16:56:24,Help with importing SVG files in to Bambu Studio,I saved an .SVG in both Silhouette Studio and Inkscape then tried adding them to BS and Orca Slicer. Neither work. Help?,https://i.redd.it/6sr923k2bk2f1.jpeg,reddit
2025-05-23T16:56:24,Fall solid color bowlers?,"Does anyone know if there will be new solid color bowlers in the fall drop? I'm not sure if I love any of the summer colors and I've only seen the horse patterned and gingham ones for the fall drop!

Also, I think it would be so cool if there was a d",https://www.reddit.com/r/BAGGU/comments/1ktokoa/fall_solid_color_bowlers/,reddit
2025-05-23T16:56:24,What would you actually use—or gift—to a friend?,"Honest thoughts?

1. Neck cream vs. Gua sha + oil
2. Balm + socks vs. Cramp balm
3. Mouth spray vs. Mat cleaner

Love to hear your take 💬",https://www.reddit.com/r/aromatherapy/comments/1ktoko9/what_would_you_actually_useor_giftto_a_friend/,reddit
2025-05-23T16:56:23,Is this score good enough for any cyber or intel job?,Is this score good enough for any cyber or intel job?,https://i.redd.it/zu8pkf43bk2f1.jpeg,reddit
2025-05-23T16:56:23,This angel from evangelion,Sick of seeing hot women here’s my hear me out ,https://i.redd.it/4t0mxm53bk2f1.jpeg,reddit
2025-05-23T16:56:23,* Very worried * Please help ** Need advice **1800 Gross Monthly Income State: PA on Medicaid now but / Employer Offers Insurance - no kids,"Hello ,

I deleted my last post since I believe it was not detailed enough which I apologize for .  I am currently on Medicaid but received the blessing of a job . It’s part time at my local hospital . The employer offers full benefits for all worker",https://www.reddit.com/r/Medicaid/comments/1ktoko0/very_worried_please_help_need_advice_1800_gross/,reddit
2025-05-23T16:56:23,Cat traveling in within the uk by train,"Hi all. 

I am currently in Edinburgh Scotland and will move my three cats with my partner to Oxford England. And I am an international student so I am not too familiar with pet transportation in the uk. If I were to take the train do I need to get a",https://www.reddit.com/r/CatAdvice/comments/1ktoknz/cat_traveling_in_within_the_uk_by_train/,reddit
2025-05-23T16:56:23,Selling 6 Layton Giordani Bsmnt tickets,Selling 6 tickets for Layton Giordani at bsmnt tonight. Also have 6 boat cruise tickets available. ,https://www.reddit.com/r/BostonEDM/comments/1ktoknw/selling_6_layton_giordani_bsmnt_tickets/,reddit
2025-05-23T16:56:23,23/05/2025 6:52PM,"I was the only little dove napping.

means C6R5",https://www.reddit.com/r/Columbina_Mains/comments/1ktoknv/23052025_652pm/,reddit
2025-05-23T16:56:23,Just my heels on,Just my heels on,https://i.redd.it/nrzuuyz2bk2f1.jpeg,reddit
2025-05-23T16:56:23,What kind of certificates do I need in order to teach English in Japan,"Hi, I (21F) want to study in Japan next year. I want to go there via a language school, but I wouldn’t mind applying to some companies that are based on teaching English and help you obtain a employment visa. I plan on getting a IELTS certificate thi",https://www.reddit.com/r/teachinginjapan/comments/1ktoknt/what_kind_of_certificates_do_i_need_in_order_to/,reddit
2025-05-23T16:56:23,I absolutely agree,I absolutely agree,https://i.redd.it/rumhs2x2bk2f1.jpeg,reddit
2025-05-23T16:56:23,"Esri announced the theme for this year's UC: ""GIS: Integrating Everything, Everywhere"". It's just asking for memes!","The real question is have I cried more:

🥯 In the movie ""Everything, Everywhere, All at Once""

🌐 When I'm asked to integrate everything, everywhere, all at once at work",https://www.reddit.com/gallery/1ktoknq,reddit
2025-05-23T16:56:22,Memorial Day Sales,"Who's got the line on some slick sales? I need a new upper, some ammo,  and other various shit. ",https://www.reddit.com/r/ar15/comments/1ktoknl/memorial_day_sales/,reddit
2025-05-23T16:56:22,"WagerTalk Today | Free Sports Picks | MLB Plays Today | NBA Playoff Bets | May 23, 2025","WagerTalk Today | Free Sports Picks | MLB Plays Today | NBA Playoff Bets | May 23, 2025",https://www.youtube.com/watch?v=bZohtVrhP5I,reddit
2025-05-23T16:56:22,Few of my new Kafka builds,Few of my new Kafka builds,https://www.reddit.com/gallery/1ktoknh,reddit
2025-05-23T16:56:22,Zweetz by CaliKushFarms,Zweetz by CaliKushFarms,https://v.redd.it/7vnuh061bk2f1,reddit
2025-05-23T16:56:21,"CDC13/25
Which likes your excellency? Your excellency Marie Magdalina. Greetings your majesty and the whole team in Europe. The RKI, the Robert Kau 
Institute was the authoritative body in Corona policy as far as the measures were concerned. As it turned out years later, the ERA had to follow 
the i","CDC13/25
Which likes your excellency? Your excellency Marie Magdalina. Greetings your majesty and the whole team in Europe. The RKI, the Robert Kau 
Institute was the authoritative body in Corona policy as far as the measures were concerned. As it turned out years later, the ERA had to follow 
the i",https://i.redd.it/crj0d0m2bk2f1.png,reddit
2025-05-23T16:56:21,Dice rally is the wrost event ever,"I have never felt so frustrated with this game, the event is literally unplayable for f2p players, I have lost 34 DUELS in a row with both the ra and generider structures. Why is fiendsmith at full power? Why is snake eye at full power? I'm sorry but",https://www.reddit.com/r/masterduel/comments/1ktokn8/dice_rally_is_the_wrost_event_ever/,reddit
2025-05-23T16:56:21,The gaslighting of these Hamasniks is wild,The gaslighting of these Hamasniks is wild,https://i.redd.it/ixv8j5s1bk2f1.png,reddit
2025-05-23T16:56:21,"Fie ""Hurry up Sara"" Art by @AtelierLiang / Yuzuriha","Fie ""Hurry up Sara"" Art by @AtelierLiang / Yuzuriha",https://i.redd.it/a2jeokw1bk2f1.jpeg,reddit
2025-05-23T16:56:21,Two Friendship movies at my local theater with an Accountant in the middle?,I'm just trying to understand....,https://i.redd.it/946eqpquak2f1.png,reddit
2025-05-23T16:56:21,Share memes as well!,"Remember what we are standing for. Not only should we try to make peace with r/darussianbadger, but share memes as well! Post whatever! Just NO PORN",https://www.reddit.com/r/DRB_Rev_Moderates/comments/1ktokmu/share_memes_as_well/,reddit
2025-05-23T16:56:21,Where to download EPIC without all the damn mods that give you infinite coins and such crap,It pissed me off so much i had to complete the turorial and then some levels to find out EVERY version is modded,https://www.reddit.com/r/angrybirds/comments/1ktokmt/where_to_download_epic_without_all_the_damn_mods/,reddit
2025-05-23T16:56:21,Dynamax Sabeleye on me! 200457143593,Dynamax Sabeleye on me! 200457143593,https://www.reddit.com/r/PokemonGoRaids/comments/1ktokms/dynamax_sabeleye_on_me_200457143593/,reddit
2025-05-23T16:56:20,Don’t tease the octopus kids,I was getting worried they were going to skip him. ,https://i.redd.it/749dgeu2bk2f1.jpeg,reddit
2025-05-23T16:56:20,Secondary Hypothyroidism??,"i have never posted on reddit before but i am at a complete loss and doctors keep telling me i'm fine when i know there's something wrong.

F26 and i have struggled with weight gain, fatigue, brain fog, zero libido, hair loss, brittle nails, puffy fa",https://www.reddit.com/r/Hypothyroidism/comments/1ktokml/secondary_hypothyroidism/,reddit
2025-05-23T16:56:20,Mock-interview,I got a headache so no actual Totty version ,https://www.reddit.com/gallery/1ktokmk,reddit
2025-05-23T16:56:20,"[H] Into Games Bundle (Pathfinder, Overcooked), Recent Humble (DREDGE, Loop Hero, 1000xRESIST, Dome Keeper, Risk of Rain 2, more) [W] Wishlist","Hi everyone! I have some extras from recent bundles:

**Fanatical Into Games Bundle 2025:**

* Pathfinder: Wrath of the Righteous - Enhanced Edition
* Overcooked
* Little Orpheus
* Train Valley 2
* Hyper Sentinel
* I'll be Brave Tomorrow
* Itty Bitty",https://www.reddit.com/r/indiegameswap/comments/1ktokmi/h_into_games_bundle_pathfinder_overcooked_recent/,reddit
2025-05-23T16:56:20,"Вайбовая суббота, господа и господамы!э","Вайбовая суббота, господа и господамы!э",https://v.redd.it/0qar73l1bk2f1,reddit
2025-05-23T16:56:20,Morbosenos,Morbosenos,https://i.redd.it/2fcg11s2bk2f1.jpeg,reddit
2025-05-23T16:56:19,I just love themmm :3,I just love themmm :3,https://i.redd.it/fhzdrnj2bk2f1.jpeg,reddit
2025-05-23T16:56:19,Porn and meth addiction,I have a giantess vore fetish fantasy and i use meth to intensify it i quit both yesterday and I want to get some help and support but i don't know where to begin its a strange fantasy but I've been doing it for almost 20years now i just want to be d,https://www.reddit.com/r/addiction/comments/1ktokma/porn_and_meth_addiction/,reddit
2025-05-23T16:56:19,"First Time Playing Austria, Now Whole HRE is At War With Each Other...","It is my first time playing Austria in Eu4. I made a RM with Burgundy and Inherited them. Then choose to rein in Italy. And at 1461, pope wants to start a war between all HRE countries.

(I use HRE Expanded Mod)",https://i.redd.it/zt3de2j2bk2f1.jpeg,reddit
2025-05-23T16:56:19,Summer short term sublease immediately!!,I have a private 1B1B apartment from today to July17th. I am offering $700/month including All utilities!!! Feel free to reach out me,https://www.reddit.com/r/PurdueHousing/comments/1ktokm6/summer_short_term_sublease_immediately/,reddit
2025-05-23T16:56:19,"""Matt Johnson | Warrior Princess Tour | June - September 2025"" (Full Tour Poster; From Matt Johnson Social Media)","""Matt Johnson | Warrior Princess Tour | June - September 2025"" (Full Tour Poster; From Matt Johnson Social Media)",https://i.redd.it/45dealkxak2f1.jpeg,reddit
2025-05-23T16:56:19,2008 C4 1.6 Petrol TU5 JP4 (NFU) Oil type question,"Sorry for the, probably, super basic question. But the manual is not really all that clear on what engine oil I should put in this car. 

its either 3,25 Liters, that much is clear. But for Holland it is either: 

9000 5W40.

9000 5W30

7000 10W40  
",https://i.redd.it/o8fzfoc2bk2f1.png,reddit
2025-05-23T16:56:19,にゃーんちゃん,にゃーんちゃん,https://i.redd.it/1wehaoehej2f1.jpeg,reddit
2025-05-23T16:56:19,Combining Multiclass Subclass Names,"This is mostly just a post where I wanted to rack people's brains: I want to hear cool names y'all have come up with for combining subclasses when multiclassing, sort of like how we call a Sorcerer/Warlock a 'Sorlock.'

To start, one I recently came ",https://www.reddit.com/r/DnD/comments/1ktoklz/combining_multiclass_subclass_names/,reddit
2025-05-23T16:56:19,Determine exact time and date of a call up from minors,"How can you figure out the exact moment someone is called up?

I grabbed Zebby Mathews off waivers. If he got called up on Saturday, I can keep him. If he was called up on Sunday, I do not. 

I may be able to keep him if he’s called up before 3 am ES",https://www.reddit.com/r/fantasybaseball/comments/1ktokly/determine_exact_time_and_date_of_a_call_up_from/,reddit
2025-05-23T16:56:18,It’s been 50 days dawg,"dikha do bhai, relatives harr functions me puch rahe kya karra hai beta :'). ",https://i.redd.it/2x43vth2bk2f1.jpeg,reddit
2025-05-23T16:56:18,Best method to deal with cracks?,"Hello all, when a beloved oak tree from my yard collapsed, I asked the tree crew to slice me a piece that I could make into a table top.    
    
We had a long period of rain so I could not get started on it, and these two large cracks began forming.",https://www.reddit.com/gallery/1ktoklu,reddit
2025-05-23T16:56:18,Link post title 197,optional body text,https://www.wikipedia.org/,reddit
2025-05-23T16:56:18,New to the app... Is this a scam?,"Hello.

As the title says... is this a proper mail from Fiverr or is it a scam? Because i already verified my account and its giving me a link... It s the 2nd notification I got saying the same thing, that i got an order, but it is on hold.

Thx u in",https://www.reddit.com/r/fiverrguide/comments/1ktokls/new_to_the_app_is_this_a_scam/,reddit
2025-05-23T16:56:18,"Salariul mediu din România, a treia cea mai mare creștere din UE, în perioada 2018 - 2023","Salariul mediu din România, a treia cea mai mare creștere din UE, în perioada 2018 - 2023",https://cursdeguvernare.ro/salriu-mediu-romania-a-treia-cea-mai-mare-crestere-din-ue.html,reddit
2025-05-23T16:56:18,Giving Satan A Beatimg,Just another day in the teapot ,https://v.redd.it/cmy6kiz1bk2f1,reddit
2025-05-23T16:56:18,I made this Crash diorama out of photo paper,"I do sell these on my eBay (was in Etsy but got shut down for stupid IP crap. Whatever - I guess that's the risk) 

I'll link my store here cuz people always ask https://www.ebay.ca/usr/galaxy_gaming_art

Let me know what y'all think!! 😊",https://v.redd.it/x660hp52bk2f1,reddit
2025-05-23T16:56:18,My second Silakka54 🚀,"I fell in love with the first one, so I decided to build a twin for work 🙌❤️ with 3D printed screwless case ",https://i.redd.it/12ibfhg2bk2f1.jpeg,reddit
2025-05-23T16:56:18,Help with teams and what to focus on,"Hi, I could use some help here. Long time player, never really looked into team building or anything. I have spread my resources very thin and I would like to really focus down. I'm only on world 16. 
What is a melee and a ranged team I can make for ",https://www.reddit.com/gallery/1ktoklh,reddit
2025-05-23T16:56:18,Afternoon POTD: Orioles @ Red Sox ML I 2.4U to win 2U,Afternoon POTD: Orioles @ Red Sox ML I 2.4U to win 2U,https://i.redd.it/v5os8el2bk2f1.png,reddit
2025-05-23T16:56:17,Actividades culturales,"Hola, alguno tiene agendada alguna actividad cultural en los próximos días?
Qué itinerario planearian o lugares visitarian si quieren iniciar el hábito de asistir a eventos culturales?",https://www.reddit.com/r/guatemala/comments/1ktokl8/actividades_culturales/,reddit
2025-05-23T16:56:17,"Menton and Monaco for the 2024 Grand Prix (X-T30 + Sigma 56, Fuji XC50-230)","Sigma 56mm 1.4: 1,2,3,5,6,7,8,9,10,12,16,17

Fuji XC50-230mm OIS II: 4,11,13,14,15",https://www.reddit.com/gallery/1ktokl7,reddit
2025-05-23T16:56:17,"Win a $1,000 CVS gift card {US} (06/04/2025)","Win a $1,000 CVS gift card {US} (06/04/2025)",https://promo.poolbarlondon.com/?rpid=6&rpr=27719,reddit
2025-05-23T16:56:17,The Loud House Movie (2021) - Turnaround of Lynn Loud Jr.,The Loud House Movie (2021) - Turnaround of Lynn Loud Jr.,https://i.redd.it/x6p30cu1bk2f1.png,reddit
2025-05-23T16:56:17,Is this real one or fake?,Irdk,https://i.redd.it/c1uzzof2bk2f1.jpeg,reddit
2025-05-23T16:56:17,DOOM Dark Ages Siege,YouTube,https://youtu.be/hHQ3J5ouBBg?si=7MxCmNNB5Kot-egT,reddit
2025-05-23T16:56:17,The unnecessariness of the Lost Cause,"After reading some recent posts, I've been thinking a bit about the ""Lost Cause"" and other issues. I have been interested in the Civil War since I was in 4th grade and saw Gettysburg for the first time. I have always had more of an interest in the Co",https://www.reddit.com/r/CIVILWAR/comments/1ktokky/the_unnecessariness_of_the_lost_cause/,reddit
2025-05-23T16:56:17,"I KNOW, YOU KNOW
a piece from Levi's Pride collection this year","I KNOW, YOU KNOW
a piece from Levi's Pride collection this year",https://i.redd.it/a6gxd69zak2f1.jpeg,reddit
2025-05-23T16:56:17,Need opinions,"Need some recommendations on some good boots. I do flooring so I’m on my knees a lot, something with rubber at the toe would be good. Also have wide feet I also get a whole on the side",https://www.reddit.com/r/WorkBoots/comments/1ktokku/need_opinions/,reddit
2025-05-23T16:56:17,"[iOS] [DriveMind] [Free Promo Codes] [Smart trip tracking app built to help you understand your driving patterns, save time, and drive smarter]","*What’s DriveMind?*

**DriveMind** is a smart trip tracking app built to help you understand your driving patterns, save time, and drive smarter. Here’s what it can do:

* 🚗 **Automatic Trip Loggin**g – Starts and stops trips without you doing a thin",https://apps.apple.com/us/app/drivemind/id6743726786,reddit
2025-05-23T16:56:16,Loaned players value drop after loan ends,"I’m currently playing as PAOK in the Greek league and have had some success with loanees from the prem and championship (Delap, Palmer, Madueke, Mcatee, Larios etc) and they perform extremely well on loan and then the second they go back their values",https://www.reddit.com/r/footballmanagergames/comments/1ktokkr/loaned_players_value_drop_after_loan_ends/,reddit
2025-05-23T16:56:16,A visitor stopped by the other night to gawk at my indoor cat..,A visitor stopped by the other night to gawk at my indoor cat..,https://i.redd.it/cgj7os72bk2f1.jpeg,reddit
2025-05-23T16:56:16,quality check on timberlands,what do y'all think?,https://www.reddit.com/gallery/1ktokkn,reddit
2025-05-23T16:56:16,Good to be back,Good to be back,https://i.redd.it/7bage872bk2f1.jpeg,reddit
2025-05-23T16:56:16,United vai virar o novo Santos? 😭😭😭,United vai virar o novo Santos? 😭😭😭,https://v.redd.it/jnyfno01ti2f1,reddit
2025-05-23T16:56:16,ARE THEY OUT OF THEIR MINDS?!,ARE THEY OUT OF THEIR MINDS?!,https://i.redd.it/beqvi2c2bk2f1.jpeg,reddit
2025-05-23T16:56:16,Discount Code,"First month it was $20

Second month it skyrocketed to $176 talked to pharmacy manager and with the discount code. 

Third month CVS again told me it was $176 even though the manager stated it would be $20 moving forward.

Anyone else have to have th",https://www.reddit.com/r/qelbree/comments/1ktokkf/discount_code/,reddit
2025-05-23T16:56:16,Activity Status,"I saw on the match’s help page that someone’s activity status can show as active if a person simply just opens an e-mail from  match in their personal e-mail.  Is that accurate? If so, I think it’s very misleading to show other members that others ar",https://www.reddit.com/r/match/comments/1ktokkc/activity_status/,reddit
"Fri, 23 May 2025 16:32:37 GMT",Trump threatens 50% tariffs on EU goods and 25% on iPhones not made in US,Trump threatens 50% tariffs on EU goods and 25% on iPhones not made in US...,https://www.bbc.com/news/articles/cgr5xrygzk5o,bbc_cbc_rss
"Fri, 23 May 2025 10:52:54 GMT",Customers urged to fix energy bills as prices fall from July,Customers urged to fix energy bills as prices fall from July...,https://www.bbc.com/news/articles/cn7zdzz83y0o,bbc_cbc_rss
"Fri, 23 May 2025 16:14:05 GMT",Judge temporarily blocks Trump plan to stop Harvard enrolling foreign students,Judge temporarily blocks Trump plan to stop Harvard enrolling foreign students...,https://www.bbc.com/news/articles/cje7ledqvyqo,bbc_cbc_rss
"Fri, 23 May 2025 16:39:37 GMT","Watch officer of ship that crashed into garden fell asleep, police say","Watch officer of ship that crashed into garden fell asleep, police say...",https://www.bbc.com/news/articles/c1e6jp6z6lgo,bbc_cbc_rss
"Fri, 23 May 2025 15:45:14 GMT",Ukraine and Russia take part in biggest prisoner swap since 2022 invasion,Ukraine and Russia take part in biggest prisoner swap since 2022 invasion...,https://www.bbc.com/news/articles/cy4eyjxz7eno,bbc_cbc_rss
"Fri, 23 May 2025 10:33:11 GMT",Footage reveals Jay Slater's final hours in Tenerife,Footage reveals Jay Slater's final hours in Tenerife...,https://www.bbc.com/news/articles/cdd2z841g86o,bbc_cbc_rss
"Thu, 22 May 2025 21:58:22 GMT",Ship footage captures sound of Titan sub imploding,Ship footage captures sound of Titan sub imploding...,https://www.bbc.com/news/articles/c5yg5qggvwjo,bbc_cbc_rss
"Fri, 23 May 2025 15:16:46 GMT",Kangaroo 'tries to drown' man in Australian floodwaters,Kangaroo 'tries to drown' man in Australian floodwaters...,https://www.bbc.com/news/articles/cvg71gqe068o,bbc_cbc_rss
"Fri, 23 May 2025 15:31:23 GMT",British woman held in Sri Lanka on drug offences,British woman held in Sri Lanka on drug offences...,https://www.bbc.com/news/articles/cwy6gq0l5dgo,bbc_cbc_rss
"Fri, 23 May 2025 13:00:31 GMT",'I've applied for hundreds of jobs': One in eight youths not in work or education,'I've applied for hundreds of jobs': One in eight youths not in work or education...,https://www.bbc.com/news/articles/cp92218jpryo,bbc_cbc_rss
"Fri, 23 May 2025 15:48:08 GMT",Jittery Labour MPs divided over benefits cuts,Jittery Labour MPs divided over benefits cuts...,https://www.bbc.com/news/articles/cp3q7584v07o,bbc_cbc_rss
"Fri, 23 May 2025 15:29:40 GMT",'It's dehumanising': Harvard's foreign students reel from Trump administration ban,'It's dehumanising': Harvard's foreign students reel from Trump administration ban...,https://www.bbc.com/news/articles/cm2k0pl3ex7o,bbc_cbc_rss
"Fri, 23 May 2025 05:33:14 GMT",She was an Arsenal mascot as a child. Now she's playing in the Champions League final,She was an Arsenal mascot as a child. Now she's playing in the Champions League final...,https://www.bbc.com/sport/football/articles/clygz4mxdgro,bbc_cbc_rss
"Thu, 22 May 2025 23:23:52 GMT",The Bitcoin hum that is unsettling Trump's MAGA heartlands,The Bitcoin hum that is unsettling Trump's MAGA heartlands...,https://www.bbc.com/news/articles/cx2qg6e03l2o,bbc_cbc_rss
"Fri, 23 May 2025 11:59:47 GMT",Mania takes over Naples as Scottish football duo prepare for Italian league finale,Mania takes over Naples as Scottish football duo prepare for Italian league finale...,https://www.bbc.com/news/articles/c20xp874yqro,bbc_cbc_rss
"Fri, 23 May 2025 15:27:36 GMT","Teenagers admit machete murder of boy, 14, on bus","Teenagers admit machete murder of boy, 14, on bus...",https://www.bbc.com/news/articles/cy75nzk4y1vo,bbc_cbc_rss
"Fri, 23 May 2025 14:17:15 GMT",Will Elden Ring film be 'awesome' or 'meh'? Fans have thoughts,Will Elden Ring film be 'awesome' or 'meh'? Fans have thoughts...,https://www.bbc.com/news/articles/c5y5g16q062o,bbc_cbc_rss
"Fri, 23 May 2025 08:42:33 GMT",Drivers claim cars damaged and keys missing after using ‘secure’ airport parking service,Drivers claim cars damaged and keys missing after using ‘secure’ airport parking service...,https://www.bbc.com/news/articles/cdd27pv4dy9o,bbc_cbc_rss
"Fri, 23 May 2025 12:08:26 GMT","Special Forces officer blocked 1,585 Afghans from UK","Special Forces officer blocked 1,585 Afghans from UK...",https://www.bbc.com/news/articles/cev40r9yve4o,bbc_cbc_rss
"Fri, 23 May 2025 13:09:29 GMT",Taylor Swift won't face summons in Baldoni-Lively case,Taylor Swift won't face summons in Baldoni-Lively case...,https://www.bbc.com/news/articles/cm2k0dmvvkgo,bbc_cbc_rss
"Fri, 23 May 2025 12:15:22 GMT",AI system resorts to blackmail if told it will be removed,AI system resorts to blackmail if told it will be removed...,https://www.bbc.com/news/articles/cpqeng9d20go,bbc_cbc_rss
"Wed, 30 Apr 2025 14:04:28 GMT",BBC News app,BBC News app...,https://www.bbc.co.uk/news/10628994,bbc_cbc_rss
"Thu, 22 May 2025 17:58:00 GMT",Early Release and Castration... The Government's Plan to Fix Prisons,Early Release and Castration... The Government's Plan to Fix Prisons...,https://www.bbc.co.uk/sounds/play/p0lcwq7t,bbc_cbc_rss
"Thu, 22 May 2025 17:26:00 GMT",Why did Trump ambush the South African president?,Why did Trump ambush the South African president?...,https://www.bbc.co.uk/sounds/play/m002cf4v,bbc_cbc_rss
"Fri, 23 May 2025 09:06:52 GMT",Saudi Arabia-based Toney earns England recall as Foden misses out,Saudi Arabia-based Toney earns England recall as Foden misses out...,https://www.bbc.com/sport/football/articles/c706rdlkg5go,bbc_cbc_rss
"Fri, 23 May 2025 16:15:12 GMT",Leclerc fastest in both Friday practice sessions,Leclerc fastest in both Friday practice sessions...,https://www.bbc.com/sport/formula1/articles/cx2rj2x58r4o,bbc_cbc_rss
"Fri, 23 May 2025 13:27:13 GMT",How Championship play-off final could tighten US grip on Premier League,How Championship play-off final could tighten US grip on Premier League...,https://www.bbc.com/sport/football/articles/c5y27y0jrejo,bbc_cbc_rss
"Fri, 23 May 2025 14:08:13 GMT",Will two stops at Monaco 'spice it up a bit more'?,Will two stops at Monaco 'spice it up a bit more'?...,https://www.bbc.com/sport/formula1/articles/c3087eqr292o,bbc_cbc_rss
"Fri, 23 May 2025 11:40:55 GMT",'He leaps with delight!' - Cook takes first Test wicket,'He leaps with delight!' - Cook takes first Test wicket...,https://www.bbc.com/sport/cricket/videos/ce399x97l4jo,bbc_cbc_rss
"Mon, 26 May 2025 02:15:47 GMT",Trump calls Putin 'crazy' after largest Russian attack on Ukraine,Trump calls Putin 'crazy' after largest Russian attack on Ukraine...,https://www.bbc.com/news/articles/c4g2wz74jdzo,bbc_cbc_rss
"Sun, 25 May 2025 21:02:12 GMT",'Situation is dire' - BBC returns to Gaza baby left hungry by Israeli blockade,'Situation is dire' - BBC returns to Gaza baby left hungry by Israeli blockade...,https://www.bbc.com/news/articles/c5y2kd1nkleo,bbc_cbc_rss
"Sun, 25 May 2025 18:14:33 GMT",Mother and three children who died in London house fire named,Mother and three children who died in London house fire named...,https://www.bbc.com/news/articles/cx2j7xrm13do,bbc_cbc_rss
"Sun, 25 May 2025 23:37:47 GMT",Lineker says emotional farewell on final Match of the Day,Lineker says emotional farewell on final Match of the Day...,https://www.bbc.com/news/articles/cy0kwkg7deeo,bbc_cbc_rss
"Sun, 25 May 2025 23:23:35 GMT",Trump agrees to extend EU trade talks after 50% tariff threat,Trump agrees to extend EU trade talks after 50% tariff threat...,https://www.bbc.com/news/articles/cdd2mz719yvo,bbc_cbc_rss
"Mon, 26 May 2025 00:31:09 GMT",King travels to support Canada as it fends off Trump,King travels to support Canada as it fends off Trump...,https://www.bbc.com/news/articles/cgkdnmm8k2no,bbc_cbc_rss
"Sun, 25 May 2025 23:04:07 GMT",Rate 'rigging' traders say they were scapegoated - now the Supreme Court will decide,Rate 'rigging' traders say they were scapegoated - now the Supreme Court will decide...,https://www.bbc.com/news/articles/c3rp94jr79po,bbc_cbc_rss
"Mon, 26 May 2025 00:35:40 GMT",Lilo and Stitch beat Tom Cruise in box office bonanza,Lilo and Stitch beat Tom Cruise in box office bonanza...,https://www.bbc.com/news/articles/c4g2w8pqeyvo,bbc_cbc_rss
"Mon, 26 May 2025 01:18:05 GMT",HS2 investigating two firms supplying construction staff,HS2 investigating two firms supplying construction staff...,https://www.bbc.com/news/articles/c3rpv4lj2g3o,bbc_cbc_rss
"Sun, 25 May 2025 20:13:40 GMT","Man, 60, dies attempting to help children in sea","Man, 60, dies attempting to help children in sea...",https://www.bbc.com/news/articles/cvgdvd8lz41o,bbc_cbc_rss
"Sun, 25 May 2025 15:06:03 GMT",Bodies of five skiers found near Swiss resort,Bodies of five skiers found near Swiss resort...,https://www.bbc.com/news/articles/ckg7y9ln5ylo,bbc_cbc_rss
"Sun, 25 May 2025 17:09:19 GMT",It's the Doctor Who and The Last of Us finales: What's coming up this week,It's the Doctor Who and The Last of Us finales: What's coming up this week...,https://www.bbc.com/news/articles/cdeddkxkjpyo,bbc_cbc_rss
"Mon, 26 May 2025 00:38:27 GMT",AI could already be conscious. Are we ready for it?,AI could already be conscious. Are we ready for it?...,https://www.bbc.com/news/articles/c0k3700zljjo,bbc_cbc_rss
"Sun, 25 May 2025 23:39:00 GMT",A self-created fairy story: The rise and fall of Michelle Mone,A self-created fairy story: The rise and fall of Michelle Mone...,https://www.bbc.com/news/articles/cwyvqqr51pno,bbc_cbc_rss
"Sun, 25 May 2025 23:04:21 GMT",'We didn't see it as treason': The Russian couple who became informants for Ukraine,'We didn't see it as treason': The Russian couple who became informants for Ukraine...,https://www.bbc.com/news/articles/clyqq18evyko,bbc_cbc_rss
"Sun, 25 May 2025 23:53:31 GMT",Radio 1's Big Weekend: Five takeaways from 'Scouse Coachella',Radio 1's Big Weekend: Five takeaways from 'Scouse Coachella'...,https://www.bbc.com/news/articles/c98pe5x456po,bbc_cbc_rss
"Sun, 25 May 2025 22:13:17 GMT","Winter fuel 'in total chaos', and Ukraine 'fury' at US","Winter fuel 'in total chaos', and Ukraine 'fury' at US...",https://www.bbc.com/news/articles/cly3730yxg1o,bbc_cbc_rss
"Sun, 25 May 2025 12:10:47 GMT","Alan Yentob: BBC TV's creative giant, on screen and off","Alan Yentob: BBC TV's creative giant, on screen and off...",https://www.bbc.com/news/articles/cdr5y3lxrmlo,bbc_cbc_rss
"Sat, 24 May 2025 23:59:19 GMT",From teenage Arsenal prodigy to convicted drug smuggler,From teenage Arsenal prodigy to convicted drug smuggler...,https://www.bbc.com/news/articles/cvgvwv3r49do,bbc_cbc_rss
"Sun, 25 May 2025 23:41:13 GMT",Call for freeze on Syrian asylum claims to end,Call for freeze on Syrian asylum claims to end...,https://www.bbc.com/news/articles/cdd26054l9lo,bbc_cbc_rss
"Sun, 25 May 2025 10:45:53 GMT",Rayner refuses to confirm if two-child benefit cap will be abolished,Rayner refuses to confirm if two-child benefit cap will be abolished...,https://www.bbc.com/news/articles/c1kvw39yv1mo,bbc_cbc_rss
"Sun, 25 May 2025 20:00:37 GMT",Iran summons French envoy over 'insulting' Cannes remarks,Iran summons French envoy over 'insulting' Cannes remarks...,https://www.bbc.com/news/articles/cy8nr30pz8po,bbc_cbc_rss
"Sun, 25 May 2025 18:34:52 GMT",US arrests man for allegedly trying to  firebomb embassy in Israel,US arrests man for allegedly trying to  firebomb embassy in Israel...,https://www.bbc.com/news/articles/c780n71rr24o,bbc_cbc_rss
"Sun, 25 May 2025 13:26:26 GMT",Second suspected sabotage in France as power cut hits Nice,Second suspected sabotage in France as power cut hits Nice...,https://www.bbc.com/news/articles/c20xvnge3qno,bbc_cbc_rss
"Sun, 25 May 2025 19:10:40 GMT",Father of nine children killed by Israeli strike still in critical condition,Father of nine children killed by Israeli strike still in critical condition...,https://www.bbc.com/news/articles/cp8djlg3zq5o,bbc_cbc_rss
"Sun, 25 May 2025 21:39:51 GMT",Mumford & Sons close out Radio 1's Big Weekend,Mumford & Sons close out Radio 1's Big Weekend...,https://www.bbc.com/news/articles/cd6230l1dl8o,bbc_cbc_rss
"Sun, 25 May 2025 11:50:00 GMT",Will Starmer Scrap the Two-Child Benefit Cap?,Will Starmer Scrap the Two-Child Benefit Cap?...,https://www.bbc.co.uk/sounds/play/p0lddkvc,bbc_cbc_rss
"Sun, 25 May 2025 22:22:28 GMT",Villa make refereeing complaint after missing out on Champions League,Villa make refereeing complaint after missing out on Champions League...,https://www.bbc.com/sport/football/articles/cp85wj92yg8o,bbc_cbc_rss
"Sun, 25 May 2025 21:09:02 GMT",'Big Four' reunite at Nadal's French Open farewell,'Big Four' reunite at Nadal's French Open farewell...,https://www.bbc.com/sport/tennis/articles/c0k3n806l3zo,bbc_cbc_rss
"Sun, 25 May 2025 19:44:02 GMT",Salah has final say on day of 'special' Liverpool celebrations,Salah has final say on day of 'special' Liverpool celebrations...,https://www.bbc.com/sport/football/articles/cj93ze2gdkgo,bbc_cbc_rss
"Sun, 25 May 2025 19:24:39 GMT",'Now Isak has the stage he craves as Newcastle secure golden ticket','Now Isak has the stage he craves as Newcastle secure golden ticket'...,https://www.bbc.com/sport/football/articles/c0k3nxzend2o,bbc_cbc_rss
"Sun, 25 May 2025 19:33:09 GMT",Norris win 'incredible' but pole 'more emotional',Norris win 'incredible' but pole 'more emotional'...,https://www.bbc.com/sport/formula1/articles/cr4zqnzwp49o,bbc_cbc_rss
"Sun, 25 May 2025 22:58:28 GMT",'It's a huge error' - controversy as Villa miss out on Champions League,'It's a huge error' - controversy as Villa miss out on Champions League...,https://www.bbc.com/sport/football/videos/c3v5zd22ge6o,bbc_cbc_rss
"Mon, 26 May 2025 22:13:49 GMT",'It missed us by inches': Witnesses describe car driving into crowd at Liverpool FC parade,'It missed us by inches': Witnesses describe car driving into crowd at Liverpool FC parade...,https://www.bbc.com/news/articles/cy0jvepd1p2o,bbc_cbc_rss
"Mon, 26 May 2025 21:53:05 GMT",Moment car drives into crowd at Liverpool trophy parade,Moment car drives into crowd at Liverpool trophy parade...,https://www.bbc.com/news/videos/c4grq15y6yeo,bbc_cbc_rss
"Mon, 26 May 2025 22:25:11 GMT",Liverpool FC parade: What we know so far,Liverpool FC parade: What we know so far...,https://www.bbc.com/news/articles/ce8209lzzp4o,bbc_cbc_rss
"Mon, 26 May 2025 18:14:49 GMT",Kremlin calls Trump 'emotional' after US president says Putin is 'crazy',Kremlin calls Trump 'emotional' after US president says Putin is 'crazy'...,https://www.bbc.com/news/articles/c4g2wz74jdzo,bbc_cbc_rss
"Mon, 26 May 2025 23:50:51 GMT",Apprenticeship shake-up to shift focus to under-21s,Apprenticeship shake-up to shift focus to under-21s...,https://www.bbc.com/news/articles/c9vgd8zmpe3o,bbc_cbc_rss
"Mon, 26 May 2025 16:38:46 GMT","Israeli strike kills dozens sheltering in Gaza school, officials say","Israeli strike kills dozens sheltering in Gaza school, officials say...",https://www.bbc.com/news/articles/cz9yjj54v3xo,bbc_cbc_rss
"Tue, 27 May 2025 00:25:00 GMT",King prepares to give key speech backing Canada,King prepares to give key speech backing Canada...,https://www.bbc.com/news/articles/c9wgd98yr89o,bbc_cbc_rss
"Mon, 26 May 2025 11:41:52 GMT","Watch: Push in the face by wife was joke not domestic dispute, says Macron","Watch: Push in the face by wife was joke not domestic dispute, says Macron...",https://www.bbc.com/news/videos/c201e8g0yg3o,bbc_cbc_rss
"Mon, 26 May 2025 23:17:23 GMT",Greek coastguards charged over 2023 migrant shipwreck,Greek coastguards charged over 2023 migrant shipwreck...,https://www.bbc.com/news/articles/cp8yjlzd3pvo,bbc_cbc_rss
"Mon, 26 May 2025 15:21:49 GMT",YouTuber 'risks his life' for cheese-rolling win,YouTuber 'risks his life' for cheese-rolling win...,https://www.bbc.com/news/articles/czj4vw0m3lzo,bbc_cbc_rss
"Tue, 27 May 2025 00:08:47 GMT",Streeting urges doctors to vote no in strike ballot,Streeting urges doctors to vote no in strike ballot...,https://www.bbc.com/news/articles/c771dgm8vrpo,bbc_cbc_rss
"Mon, 26 May 2025 16:35:06 GMT","Fake discounts on Shein 'breach law', EU says","Fake discounts on Shein 'breach law', EU says...",https://www.bbc.com/news/articles/c62vq1mnndno,bbc_cbc_rss
"Mon, 26 May 2025 15:34:32 GMT",Sick Raducanu 'really proud' of battling Paris win,Sick Raducanu 'really proud' of battling Paris win...,https://www.bbc.com/sport/tennis/articles/c4g2vxyx2edo,bbc_cbc_rss
"Mon, 26 May 2025 16:39:45 GMT",Swinney accuses Reform of racism over Sarwar advert,Swinney accuses Reform of racism over Sarwar advert...,https://www.bbc.com/news/articles/cx2j7rv2zvdo,bbc_cbc_rss
"Mon, 26 May 2025 16:49:34 GMT",Missing pregnant woman investigation upgraded to murder,Missing pregnant woman investigation upgraded to murder...,https://www.bbc.com/news/articles/cq695p42qy2o,bbc_cbc_rss
"Mon, 26 May 2025 22:55:31 GMT",The Papers: Liverpool 'glory' descends into 'horror',The Papers: Liverpool 'glory' descends into 'horror'...,https://www.bbc.com/news/articles/c0lnk30w522o,bbc_cbc_rss
"Mon, 26 May 2025 00:38:27 GMT",The people who think AI might become conscious,The people who think AI might become conscious...,https://www.bbc.com/news/articles/c0k3700zljjo,bbc_cbc_rss
"Sun, 25 May 2025 23:04:21 GMT","'We didn't see it as treason', say Russian couple who became informants for Ukraine","'We didn't see it as treason', say Russian couple who became informants for Ukraine...",https://www.bbc.com/news/articles/clyqq18evyko,bbc_cbc_rss
"Mon, 26 May 2025 11:55:30 GMT",Head of controversial Israel-backed Gaza aid group resigns,Head of controversial Israel-backed Gaza aid group resigns...,https://www.bbc.com/news/articles/c1e6d97x99qo,bbc_cbc_rss
"Mon, 26 May 2025 11:57:30 GMT",Russia denies involvement in fires at homes linked to Starmer,Russia denies involvement in fires at homes linked to Starmer...,https://www.bbc.com/news/articles/c79evj9ed9lo,bbc_cbc_rss
"Mon, 26 May 2025 07:02:40 GMT",North Korea arrests senior official over warship launch failure,North Korea arrests senior official over warship launch failure...,https://www.bbc.com/news/articles/cwy3rr307qyo,bbc_cbc_rss
"Mon, 26 May 2025 11:53:36 GMT",Men return home after 100 days in Guinea prison,Men return home after 100 days in Guinea prison...,https://www.bbc.com/news/articles/cy0jvj84dgjo,bbc_cbc_rss
"Mon, 26 May 2025 11:37:00 GMT",Newscast,Newscast...,https://www.bbc.co.uk/sounds/play/p0ldk427,bbc_cbc_rss
"Mon, 26 May 2025 22:13:49 GMT",'It missed us by inches': Witnesses describe car driving into crowd at Liverpool title parade,'It missed us by inches': Witnesses describe car driving into crowd at Liverpool title parade...,https://www.bbc.com/news/articles/cy0jvepd1p2o,bbc_cbc_rss
"Mon, 26 May 2025 19:42:45 GMT",'Poor' decision by PGMOL to pick Bramall for Villa game - Hackett,'Poor' decision by PGMOL to pick Bramall for Villa game - Hackett...,https://www.bbc.com/sport/football/articles/cgle170wgp6o,bbc_cbc_rss
"Mon, 26 May 2025 21:27:03 GMT",Bordeaux's Poirot cited after Pollock incident,Bordeaux's Poirot cited after Pollock incident...,https://www.bbc.com/sport/rugby-union/articles/cn0gxl9xg9jo,bbc_cbc_rss
"Mon, 26 May 2025 13:48:03 GMT",Man Utd close to signing Wolves' Cunha,Man Utd close to signing Wolves' Cunha...,https://www.bbc.com/sport/football/articles/cjwq7gdp9gwo,bbc_cbc_rss
"Mon, 26 May 2025 15:34:32 GMT",Sick Raducanu 'really proud' of battling first-round win,Sick Raducanu 'really proud' of battling first-round win...,https://www.bbc.com/sport/tennis/articles/c4g2vxyx2edo,bbc_cbc_rss
"Mon, 26 May 2025 19:34:43 GMT",'Simply sublime' - Arsenal youngster Dowman scores brilliant goal,'Simply sublime' - Arsenal youngster Dowman scores brilliant goal...,https://www.bbc.com/sport/football/videos/cn05r698y24o,bbc_cbc_rss
